seq,out
AGATGTGGAGGGAGCGA,0.7644830133531205
AAAAGCGTGGAGATTTT,0.696516730478823
CAAAGCGTGGAGATTCT,0.5498342641703647
AAAAGCGAGGAGTTACT,0.8560130237081387
CTAAGCGTGGAGATACT,0.7493636775419503
AAAAGCGTGGAGTTACT,0.6172612090030513
ATAAGCGAGGAGTTTCT,0.7714223822613877
AAAAGCGTGGGGATACT,0.6835576607068004
AAAAGCGTGGAGATTCT,0.6707990605527681
AAAAGCGTGGAGATATT,0.6928490916007453
CAGAGCGAGGAGATACT,0.6001106717159145
ATAAGCGTGGAGATACT,0.7294066934045319
AAAAGCGTGGAGATACT,0.7164207449737326
CTAAGCGTGGAGTTACT,0.6782208932323606
ATAAGCGTGGGGATACT,0.6675576031909233
CAAAGCGAGGAGTTTCT,0.8050326063131832
AAAAGAGTGGAGATACT,0.785409805431775
CGTGGCGAGGAGTTACT,0.7096161507285118
AAAAGAGTGGAGTTACT,0.6941607268716082
CAAAGCGGGGAGTTACT,0.7814824017708076
CAAAGCGAGGAGATACT,0.9737043059267589
CGTAGCGTGGAGATACT,0.7304935664771659
CAAAGCGAGGAGTTACT,0.8490582909667452
CAAAGCGTGGGGGTACT,0.7619437525785719
CAAAGTGTGGAGTTACT,0.6471548349484048
AAAGGCGGGGAGTTACT,0.6986380813839236
AAAGGCGAGGAGATACT,0.878509233928797
CAAAGCGTGGAGTTACT,0.6682147437655396
CAAGGCGTGGAGATACT,0.7003025112967471
CTAAGCGAGGAGTTACT,0.8600907344071007
CTTAGCGTGGAGATACT,0.7556272593499493
CAAAGCGTGGAGTTTCT,0.6557493927183465
AAAAGCGTGGAGTTTCT,0.66194148752918
AAAGGCGTGGAGTTACT,0.6439451256755663
CAAAGAGTGGAGTTACT,0.7335730020988799
CTAAGAGTGGAGATACT,0.8197196980658558
CGAAGCGTGGAGATTCT,0.656700105127767
CGAGGCGTGGAGTTACT,0.6770198861012543
AATAGCGTGGAGATTCT,0.6132480713572305
AAAAGCGAGGAGTTTCT,0.7938453783081896
AAAAGCGAGGGGTTTCT,0.8042548412574723
CGTGGCGGGGGGATACT,0.7473099885887924
CAGAGCGAGGAGTTACT,0.583116659277387
AAAAGCGAGGAGATTCT,0.9011442731703646
CTGAGCGTGGAGATACT,0.7415772244770437
CATAGCGTGGAGATACT,0.8006516108471817
CAAAGCGTGGGGTTACT,0.6649833862609794
CAAAGCGTGGGGATTCT,0.6389940226131958
AATAGCGTGGAGATACT,0.7530183733147884
ATAAGCGTGGAGTTACT,0.6982865822041334
ATAAGCGTGGAGGTACT,0.8230145312086332
GAAAGCGTGGAGATACT,0.7005329702113806
AAAAGCGGGGAGTTTCT,0.7284817752931051
CAAAGCGTGGGGATTTT,0.6589673034954183
CAAGGCGGGGAGTTACT,0.7086191492839286
CAGAGCGAGGAGATTCT,0.5977269510843205
CAGAGCGGGGAGTTTCT,0.5770909776037513
CAAAGCGTGGAGATTTT,0.7319253134047775
CTAAGCGTGGGGATTCT,0.6268750874647274
AAAAGTGTGGAGTTACT,0.6728698044626212
CTAAGCGAGGGGTTACT,0.8169174208097084
CAAAGCGGGGAGATTCT,0.7339616399937194
CAGGGCGAGGGGATACT,0.5885042245357606
AAAGGCGTGGAGGTACT,0.783632119703904
CAAAGCGAGGGGGTTCT,0.8349288013039268
ATAAGAGTGGAGTTACT,0.700839914373123
CAAAGCGAGGGGATACT,0.9350353226048064
AAAAGAGTGGGGTTACT,0.6965982895129642
ATAAGCGTGGAGATTTT,0.7120687364907357
ATAAGTGTGGAGATACT,0.7465579388428334
ATTAGCGTGGAGTTACT,0.678397925333638
CGGGGCGTGGGGTTACT,0.452857428437422
CAGGGCGAGGAGTTACT,0.5772412863654512
AAGAGCGAGGAGATACT,0.7965417097500246
CAAAGCGTGGAGTTTTT,0.6789946432638817
AAAAGTGAGGAGATACT,0.9950120603214923
CAAAGCGAGGGGTTTCT,0.8297605128845584
AAAAGAGTGGAGATTTT,0.7671384248653355
ATTAGCGTGGGGATACT,0.6707952200857138
AAGAGCGAGGAGTTACT,0.7955810459343035
AGAGGCGAGGAGTTACT,0.7776827401613446
CATGGCGTGGAGATACT,0.6753274895695067
CATGGCGGGGGGATACT,0.7507410687953977
CGAGGCGAGGGGATACT,0.800598915685265
AAAAGCGAGGAGATACT,0.9687298195370173
AAGAGCGAGGGGGTACT,0.857820461844383
CAAAGCGTGGAGTTATT,0.6794178899185699
AAAAGCGGGGGGGTACT,0.793370340913859
AAGAGCGTGGAGGTACT,0.8151623158643662
CTAAGCGTGGAGTTTCT,0.6738982585242077
AATAGCGGGGAGTTACT,0.7447933746753495
CAAGGCGAGGAGTTTCT,0.6848425913044749
AATAGCGTGGAGATATT,0.6984665825942525
CTGGGCGTGGAGATTCT,0.5640191494015545
CAGAGCGGGGAGTTACT,0.6020000104536748
CATGGCGTGGAGATTCT,0.6385198470677429
CTAAGCGAGGGGATACT,0.8842496633689679
AAAAGCGAGGAGGTACT,0.9492830370256009
CGAAGCGAGGAGTTTCT,0.7939667694678321
CGGAGCGAGGGGGTTCT,0.6858605286200377
CGTGGCGTGGAGATACT,0.5982929628603251
CTAAGCGGGGAGTTTCT,0.7287456305577634
AAAGGCGAGGGGTTACT,0.5069176883584278
AAAAGCGGGGAGATTCT,0.7646629494819693
ATAAGCGTGGAGTTTCT,0.6519193148930379
CAGAGCGTGGAGTTACT,0.4727307482261714
AAAAGCGGGGAGTTACT,0.7762257045118927
CAAAGCGGGGAGTTTCT,0.7141062576634432
CGAGGCGTGGGGTTACT,0.6531263078838231
AAAAGCGTGGGGTTACT,0.6914572096357718
AGAAGCGAGGAGATTCT,0.9073154769565039
CATGGCGAGGAGATACT,0.8154666905340332
ATAAGCGGGGAGATACT,0.8280730604404474
AAAAGCGGGGAGATATT,0.8563133495575227
CTAAGCGAGGAGGTACT,0.9476137724434202
CTGAGCGTGGGGATACT,0.669568784555898
CAAGGCGTGGAGTTACT,0.6583415976699319
AAAAGCGTGGGGATTCT,0.6616438358971531
CTGGGCGGGGGGATACT,0.47713111136310726
GAAAGCGTGGAGATATT,0.6777102838482855
AAAAGCGGGGGGATTCT,0.8205232937540926
CGAAGCGAGGAGATACT,0.9582273814330435
CTAAGCGAGGAGATTCT,0.912003023047387
CTAAGCGTGGAGGTACT,0.8303868074078387
GAAAGCGAGGAGTTACT,0.8709165863164322
CAAAGAGTGGAGTTTCT,0.5873165741193026
AAAGGCGAGGAGATATT,0.8810679460491728
AAAAGAGTGGAGATATT,0.7797888305257129
CTAAGCGTGGAGATATT,0.7675400405600773
AGAAGCGAGGAGTTTCT,0.760600364950704
AAAAGCGGGGAGGTATT,0.809482232810434
CGAAGCGGGGGGGTACT,0.7941077650372844
GAAAGCGTGGAGATTTT,0.673843804642688
ATTAGCGGGGAGGTACT,0.843563268216187
AATGGCGTGGAGTTACT,0.565185752550642
CGGGGCGAGGGGTTTCT,0.5977051852802165
CAGAGCGTGGAGATATT,0.5753402658819238
CTGGGCGGGGAGATACT,0.6469889176556853
AATGGCGGGGAGATACT,0.7757896418868278
AAGGGCGGGGAGTTACT,0.6562698064907724
CGAAGCGTGGGGATACT,0.6586142967640262
AATAGAGTGGAGATATT,0.8184395678365135
CGGAGCGAGGAGATACT,0.6793565695341518
CGGAGCGTGGAGTTTTT,0.6107811870489596
GAAAGCGGGGGGGTTCT,0.746066639926936
CGAAGCGGGGAGTTACT,0.7537912660069327
AGAGGCGTGGAGTTACT,0.6906921474661895
GAAAGCGTGGAGTTACT,0.6414504555668822
AAAAGCGAGGAGATATT,0.9612489990315857
GAGAGCGTGGAGATACT,0.6990644130177283
CGAAGCGAGGGGATACT,0.8743712437728427
CTAAGCGTGGAGATTCT,0.6628245399902504
CATAGCGAGGAGTTTCT,0.8142568278983453
CGGAGCGGGGAGATACT,0.6942544326353238
CGGAGCGGGGAGATTCT,0.6890999713484305
CGGGGCGTGGAGATACT,0.612479471186483
AAAGGCGAGGAGTTACT,0.7157580257029313
CTAAGCGAGGAGATACT,0.8425570278052958
CTGAGCGAGGAGTTTTT,0.8291174765877313
AAGAGCGAGGGGATACT,0.6836737272313014
AAGGGCGAGGAGATACT,0.7483138423143888
AAGGGCGAGGAGTTACT,0.6728249704352788
CGTAGCGGGGGGATTCT,0.821522424365192
AAAAGCGGGGAGATTTT,0.824938144005564
CAGGGCGAGGAGATTCT,0.6158926353484543
ATAAGCGAGGAGATACT,0.9621149131870148
CGAAGCGGGGAGATTCT,0.7712737287254703
CAGAGCGAGGAGTTTTT,0.5553284981710855
AGTAGCGTGGAGATACT,0.7198901074061084
CTTGGCGAGGAGTTACT,0.7596490474209788
ATAAGCGAGGAGTTACT,0.8340925228539061
AATAGTGTGGAGATACT,0.7290616630645137
CAAAGCGGGGAGATACT,0.8770978128088486
CATGGCGAGGGGATACT,0.7744368606393905
AAAGGCGAGGAGGTTCT,0.8279177674309571
AAAGGCGGGGAGATTCT,0.7156408499438819
AAAAGAGTGGAGATTCT,0.7124732940465841
CTTAGCGAGGAGTTACT,0.8529089811251929
CAGAGCGAGGGGATACT,0.5626148287741343
ATGAGCGTGGAGTTACT,0.6564907096084878
ATGAGCGTGGGGATACT,0.6710171484413273
CTGGGCGAGGAGGTACT,0.6868513613904402
AGTGGCGGGGAGATACT,0.7609769250300593
CATAGTGTGGAGATACT,0.6746561906479276
CTAAGCGGGGAGATACT,0.8395106291984102
CAAGGCGAGGAGATACT,0.9400708187621591
CTTGGCGTGGAGTTTCT,0.6135072268589671
CTGGGCGGGGAGGTACT,0.6038452527123706
GTAAGCGAGGAGTTACT,0.8594559822667951
CGAAGCGTGGAGATACT,0.7261898857981701
AAGAGCGTGGAGATACT,0.7052239652378743
AAAAGAGTGGGGATATT,0.6968095555942261
CTTAGCGTGGAGTTACT,0.692469961265218
CAAAGTGTGGAGTTATT,0.6562080775661475
CAGAGCGTGGGGATACT,0.5601348662567407
AGAAGCGTGGAGATATT,0.7351252307058709
AAGGGCGAGGGGATACT,0.6959245151409086
CGTAGCGAGGAGATTCT,0.8842008743955863
ATAAGCGTGGGGATTCT,0.6339241159303636
CAAAGCGAGGAGGTACT,0.96613377048097
GAGAGCGAGGGGTTACT,0.7174278868017343
CTGGGCGAGGAGTTACT,0.6158125055818842
GAAGGCGTGGAGATACT,0.6775116137948902
CTGAGCGTGGAGATTCT,0.6727920472348031
GAGAGAGTGGAGATACT,0.757612809933915
CGTGGCGTGGAGTTACT,0.6167936145330963
GAGAGCGAGGAGTTACT,0.7070295636489746
CGTAGCGTGGGGTTACT,0.6481341330466225
CAAAGCGGGGAGTTTTT,0.780368836667592
AATAGCGTGGGGTTACT,0.6625624307226285
AATGGCGAGGAGTTACT,0.7207783485787028
CTAAGCGGGGAGATTCT,0.7789988676750867
CGTGGCGTGGGGGTACT,0.6531564450485974
CAGAGCGTGGGGGTACT,0.6058884945318562
CAAGGCGTGGAGATTCT,0.663737660180484
ATAAGTGTGGGGATACT,0.7064039009097427
AAAAGCGTGGAGGTTCT,0.7912736800174802
AAAGGCGAGGGGTTTTT,0.6411618168591023
CGAAGCGAGGAGTTACT,0.8366443914016368
CAGAGCGAGGAGTTTCT,0.5978076147813925
CTTGGCGAGGAGATTCT,0.828203997099253
CGAGGCGAGGAGGTTCT,0.8597660747586879
AAAGGCGTGGGGGTACT,0.6739006760142188
GAAAGAGTGGAGATTTT,0.7277849840646223
AAAAGGGTGGGGATACT,0.6655404104036603
CAAAGAGTGGGGATACT,0.7897719185318461
AAAAGCGAGGAGTTATT,0.8515014045690317
CAAAGCGGGGGGGTACT,0.8576933308832511
CATAGCGTGGAGATTCT,0.6663512229382162
AAAAGCGAGGGGATACT,0.8791649681340113
CAGGGCGTGGAGATACT,0.5204572200649713
CGGGGCGTGGAGATATT,0.6065813298521522
CAAAGCGAGGAGTTTTT,0.9011961425779401
CGAAGCGTGGAGTTACT,0.6646809058706076
ATAAGCGTGGAGATTCT,0.6490619663052366
AAGAGCGAGGAGTTTCT,0.7385170985262554
ATTAGTGTGGAGATACT,0.7539845766923734
AAAAGTGTGGGGATTCT,0.6358443736653164
CTAAGCGTGGAGATTTT,0.7362940013328292
CTGAGCGTGGAGGTACT,0.8246860070009338
AGAGGCGGGGGGATACT,0.8337978164500771
CGAGGCGTGGAGATTCT,0.5404519129551545
AAAAGAGTGGAGGTATT,0.7979170924505411
CAAGGCGGGGAGGTACT,0.8549667350200779
CAGAGCGAGGAGGTTTT,0.6221788032521748
CAGAGCGGGGGGATACT,0.6759247012266892
AATGGCGTGGAGATACT,0.6890458836527731
CAAAGAGTGGAGATTCT,0.7477922614458851
AGAGGCGGGGGGATTCT,0.7477396459360981
GTAGGCGGGGAGATTCT,0.7074331215204168
AAGGGCGAGGAGTTTCT,0.6505504274510884
CAAAGTGGGGAGTTTCT,0.7782884787916522
GAGGGCGAGGAGTTTCT,0.6589776272550321
CAGGGCGTGGGGGTTCT,0.4819233304933093
CAAAGGGTGGGGATACT,0.6327458314806091
CTAAGAGTGGAGTTTCT,0.6733880740678437
AAAAGTGGGGAGTTTCT,0.8014870450259474
CAAAGCGTGGAGGTACT,0.8675848407967977
AAAAGAGTGGGGATTTT,0.7089651357886295
AAGAGCGAGGGGATATT,0.7836103653970377
ATAGGCGAGGAGTTACT,0.7619046347002116
CAAAGCGTGGGGTTTCT,0.6547331245275458
AAAAGAGAGGAGTTTCT,0.8959295877514655
CAGGGCGTGGAGGTACT,0.6556571329304255
CAAAGAGTGGAGATACT,0.8538456994896874
AATAGCGTGGAGATTTT,0.7164132424401768
AAAAGAGTGGAGTTTCT,0.6621529718994148
CATAGCGTGGGGTTACT,0.6431355152589792
AAAGGCGGGGAGTTTCT,0.6899680028418824
CATGGCGGGGAGTTTCT,0.6329245681914172
CAGGGCGTGGAGATATT,0.5963601440698235
CTGAGCGAGGAGATACT,0.9072507485461746
CAAAGGGTGGAGATACT,0.7496107999191861
CATAGCGAGGAGATACT,0.9224875896438718
GTAAGCGAGGAGTTTCT,0.8025323788065832
ACCGGAAGACCAACACT,0.44537546473386264
CAAAGCGTGGGGGTTCT,0.6840240075331763
CAAAGCGAGGAGATTCT,0.8839579689928524
CAAGGCGAGGGGATACT,0.8648463307616655
CTAAGCGGGGAGTTACT,0.781811964938014
CTTAGCGAGGAGTTTCT,0.7874026773343062
AATGGCGAGGAGGTTCT,0.8477897112764139
CTGAGCGTGGAGTTATT,0.6803883914850029
AAAAGTGGGGAGTTACT,0.8124432722139161
ATAAGAGTGGAGGTACT,0.770134575471226
CAGAGTGAGGAGTTACT,0.6585568756840459
CAAGGCGTGGAGTTTCT,0.48482666266461877
AGAAGCGAGGGGTTACT,0.8426587179603756
CTAGGCGAGGAGATTCT,0.8304971137380157
CAAAGCGAGGAGTTATT,0.8262047040310788
CTAGGCGAGGGGGTACT,0.8202185806431453
ATAAGCGTGGAGGTTCT,0.8076888295509398
AAAGGCGGGGGGTTACT,0.7059164529212306
CTAAGGGAGGAGATACT,0.7500532377814096
AATAGCGTGGGGATATT,0.6791013034752849
AGAAGCGAGGAGATACT,0.9782765125248424
ATAAGCGAGGAGATATT,0.9560660073214916
CAAGGCGTGGGGATACT,0.6827918912136816
AATAGCGTGGGGATACT,0.6907494242370532
CATAGAGTGGGGATATT,0.7814530823236531
AAGAGAGTGGAGATACT,0.7093621149466146
CAGGGCGGGGAGATACT,0.6349346189395823
AAGAGCGGGGAGATACT,0.8441910118924765
CGTGGCGAGGAGATACT,0.8155659651648428
ATTAGAGTGGAGATATT,0.8055619496648239
AAGAGCGAGGAGATTCT,0.8114785827344396
CTAAGTGTGGGGATACT,0.6701072140882106
AAAAGTGTGGAGATACT,0.7384222286499588
GAGAGCGTGGGGATACT,0.6532573287388973
ATTAGTGAGGAGTTACT,0.8913265059896436
CGGGGCGTGGGGATACT,0.6077275629953419
CAAAGCGAGGAGATATT,0.9816512017838653
ATAAGAGTGGAGTTTCT,0.678646056428395
GATGGCGAGGGGATACT,0.7116107906918148
AAAGGAGTGGAGTTTTT,0.8297265742608931
AATGGCGAGGAGTTTCT,0.6967934152376577
AAAAGCGGGGGGTTACT,0.8433957801569867
CTAAGCGAGGGGGTACT,0.8958735885922405
AAAGGAGTGGAGATACT,0.9229532405116493
CAGAGCGGGGAGATACT,0.654987785702547
AGAAGCGAGGGGATACT,0.9080209855839858
ATAAGCGTGGGGTTTTT,0.6505576165982622
CGGAGCGTGGGGGTTCT,0.5972525237430751
CAGGGCGAGGAGATACT,0.5674621547056956
AAAGGCGGGGGGGTACT,0.7267828956546251
GTAAGCGGGGAGTTACT,0.754853466254168
GAAAGAGTGGGGTTACT,0.640966232152397
AAAAGTGTGGAGGTACT,0.831729517080306
ACCAGAAGACCAAACCC,0.3482439541142886
AAAGGTGAGGAGTTACT,0.8571599563550957
ATGGGCGTGGAGATTCT,0.641609075336705
CATAGCGGGGAGATTCT,0.8566792773748463
CAGGGCGAGGGGATTCT,0.6031061774562047
CTAGGCGTGGAGGTACT,0.7915055288339313
CGAAGTGTGGGGATTCT,0.6173080863561857
ATTGGCGAGGGGATACT,0.7681875555116702
CGTGGCGAGGGGTTACT,0.6762064652317221
AAAAGCGAGGGGGTACT,0.8800897435054745
CAAAGAGTGGAGATATT,0.8662735428017524
GAAAGCGAGGAGTTTCT,0.7974900047424001
CGTGGCGGGGAGTTACT,0.669791854438675
CAGAGCGAGGAGGTACT,0.6500861337576278
GGAAGCGAGGAGTTACT,0.8620835004631192
CTAAGCGGGGAGATATT,0.8284638750991081
GATGGCGGGGAGTTACT,0.669553774442285
CATAGCGGGGAGATACT,0.9467890484101836
CATGGCGTGGAGTTTCT,0.5991075269907895
ATTGGAGTGGAGATTCT,0.765723473600098
AGTGGCGGGGAGTTACT,0.6794111776572199
CATAGCGTGGGGGTACT,0.6920449019298932
AAAGGCGTGGGGATACT,0.6517103143377887
CGAAGCGAGGAGATTCT,0.9060158140131569
CAAAGTGTGGAGATTCT,0.6957168619919646
CTAAGCGTGGAGGTTTT,0.8564950308503256
CAGGGCGGGGAGTTACT,0.629590201326553
GAAAGCGAGGGGTTTCT,0.7985694945979434
AGTAGCGGGGAGGTACT,0.8108027838715424
ATAAGTGGGGAGTTTCT,0.7740814315420568
CATAGCGTGGGGATACT,0.6927498000138852
CAGAGCGTGGGGGTTCT,0.6017469274883108
CGTAGCGTGGAGTTTTT,0.6712811209105402
ATTAGCGAGGAGTTTCT,0.805917445888657
ACAAGAAGACCAACCCC,0.34292420847599536
GAAGGCGTGGAGATATT,0.6842313794256657
AGTGGCGTGGAGATACT,0.6957021140516929
ACAAGAAGACCATGCCC,0.48518295445362686
ATTGGCGAGGAGTTACT,0.7451059892335314
AATAGCGTGGAGTTACT,0.6491050928195153
CTGAGCGAGGAGTTTCT,0.8018577182452578
CTAGGCGTGGAGATACT,0.7059830122021469
GGGAGCGTGGGGATTCT,0.6736027914427303
CAAGGCGGGGAGATTCT,0.7172819906611314
CTTAGCGGGGAGTTTCT,0.7274782264236616
CTTGGCGGGGAGATTCT,0.7194365370137094
CATGGCGAGGAGATTCT,0.7332194073274163
CTAGGCGGGGAGATTCT,0.7451227943990624
AGAAGCGTGGAGTTTTT,0.6501422537614554
CGAAGAGTGGGGATATT,0.708890632543972
CTGAGCGGGGAGATTCT,0.7903694930190692
AAAGGCGTGGGGGTTTT,0.6095228519546568
AAGAGCGTGGGGATATT,0.654770548066785
GAGAGCGAGGGGATACT,0.7758572107283435
AATAGCGAGGAGTTATT,0.8902549885614075
ACCGGAGGGCCAAACCC,0.7104691151643331
AGGAGCGAGGGGATACT,0.8344007187086565
CTGAGCGGGGAGATACT,0.8492882747714481
CAGAGCGTGGGGATATT,0.48895768547586066
AAAAGCGAGGGGATTCT,0.7918057747130334
ATGAGCGTGGAGGTTCT,0.8235118999565372
ATAAGTGTGGAGATATT,0.7613284527465883
CAGAGCGAGGGGTTACT,0.5820390819743447
GAAAGTGTGGAGATACT,0.7250255019672814
GATGGCGAGGAGTTACT,0.6921804682016016
AAAAGCGGGGGGATACT,0.870642282445244
ACCAGAAGACCATCACC,0.17749198251016088
ATAAGCGAGGGGTTACT,0.8044313017915985
CGTAGCGAGGGGATACT,0.8801998006943281
CAAAGAGAGGAGTTACT,0.982106715095436
CAAAGGGTGGAGATTCT,0.6836525954833605
CAAAGAGTGGGGTTACT,0.75819928545819
AAGAGCGTGGGGTTACT,0.6615240985498015
AAAGGCGAGGGGATTCT,0.7423648878572592
CTAGGCGAGGAGTTTTT,0.7771321917487921
CATAGCGGGGAGGTACT,0.9669534709130819
ATTAGCGTGGAGATATT,0.7454823297349762
AAAAGCGTGGGGTTATT,0.6572216620222247
CATGGCGGGGAGATACT,0.8123682146336632
GAAAGAGTGGAGTTACT,0.668627046655211
CAAAGTGAGGAGATACT,0.9929964309460837
CTAGGCGAGGGGATACT,0.8022730819467755
GAAAGCGTGGGGTTACT,0.6370062739583006
GATAGCGAGGGGTTTCT,0.7632888092690906
CGGAGCGAGGGGATTCT,0.6499513502287979
ATAAGTGAGGGGTTACT,0.8522453564664162
CATGGCGAGGGGATTCT,0.701528137165724
AATGGCGAGGAGATTTT,0.8493615516932334
AACAGAAGACCAACACT,0.38260902593123824
AAGGGCGTGGGGATACT,0.628729596826393
AGAAGCGGGGAGGTACT,0.8552350883150521
AATAGCGTGGAGTTTCT,0.6377078112673594
CGAAGCGTGGAGGTACT,0.8089173437237649
CGAAGCGGGGAGGTTCT,0.8187430162871376
CTAAGCGGGGGGTTACT,0.8466682808340873
ATGAGCGGGGAGTTACT,0.7928681602870233
ATGAGCGTGGGGGTTCT,0.6785978481991843
CTGGGCGAGGAGTTTCT,0.6246030881279763
CGGAGCGAGGAGATTCT,0.6744576721600929
ATGAGCGGGGAGTTTCT,0.7375996321156999
CAAGGCGGGGAGTTTCT,0.6976321286133061
AAGAGCGAGGAGTTATT,0.781412247779406
ATAAGAGTGGAGTTATT,0.7094949451033963
AAAAGTGTGGAGTTATT,0.6555078917148788
CAAGGCGTGGAGATTTT,0.6686741091836509
AAAAGTGTGGGGTTACT,0.6430240069245939
GTTGGCGAGGAGATACT,0.8468089638566176
AAAAGTGAGGAGTTACT,0.9097912028915347
AAGAGCGAGGAGATATT,0.8482270243363615
CAAGGCGGGGAGATTTT,0.8181815868621183
CATAGCGAGGGGATACT,0.9847149853941477
CGTAGCGGGGAGGTTCT,0.816164334046895
GAAGGCGGGGAGATACT,0.7636177713700495
CAGAGCGAGGGGGTACT,0.606552095400506
CGAAGAGAGGAGATACT,0.7416946359675978
CATGGCGTGGAGTTACT,0.6129497089076694
AATAGAGTGGAGTTTCT,0.6534558731442358
AAAGGCGGGGGGTTTCT,0.7238899485135529
GATAGCGAGGGGGTTCT,0.7672688553833119
CTGAGCGTGGGGGTATT,0.6969202211563973
CAAAGAGTGGAGTTATT,0.6650993896894849
AAAGGCGTGGGGATTCT,0.6225829880821384
CAGAGCGAGGGGTTTCT,0.5589225695315542
CAAAGAGTGGAGATTTT,0.8371348368729609
AAAGGCGGGGAGATTTT,0.7685824585629767
ATAGGCGAGGGGGTACT,0.6914545992734659
CATAGTGTGGAGATTCT,0.6816878681465023
GAGAGCGTGGAGATTCT,0.6219991272105627
CAAAGGGTGGAGATATT,0.7211589215448705
AAAAGCGTGGGGGTACT,0.7420999953614523
AAGGGCGAGGGGATTCT,0.6509765331939668
AATAGCGGGGGGGTACT,0.8312893126363519
AGGAGCGGGGAGATATT,0.8487149643803521
CAAGGCGGGGGGGTTCT,0.6821663537781469
AAAGGAGTGGGGGTACT,0.6785068371076718
CAGGGTGTGGAGATACT,0.6783322221279178
AATAGCGGGGGGATACT,0.881008451328881
CTTAGAGTGGAGATACT,0.8108270978084474
AAAGGCGAGGGGATATT,0.8197865206757109
AATAGCGGGGAGATACT,0.8786777834399717
ATAAGCGAGGGGATACT,0.8782741530419108
AAAAGCGGGGGGTTATT,0.8644489034569289
ATGGGCGTGGAGATACT,0.6695813022061533
ATAGGAGTGGAGGTACT,0.8365547636980588
AATAGCGAGGAGTTTCT,0.7414682172518364
GACAGGGGGTGAACCCC,0.5661196795283819
AAAAGAGAGGAGTTACT,0.9588421111309959
CGTAGAGTGGGGATTCT,0.6843532884512207
CAAAGTGTGGGGTTACT,0.6554730494371522
AGTGGCGTGGAGGTTCT,0.7018315867705514
AAAAGTGTGGAGTTTCT,0.6660853592149769
CTGAGCGAGGAGGTACT,0.9364845155784358
CTTGGCGAGGAGTTTCT,0.7087849661797297
ATAAGCGAGGGGATTCT,0.8117768636597066
CAGGGCGAGGAGATTTT,0.608859040369294
AATAGAGTGGAGTTATT,0.7240945756384463
CTTGGCGAGGGGATACT,0.7739998915552853
CAAAGAGTGGGGATTCT,0.6884828684374653
CTAGGCGAGGAGATTTT,0.8892418848886062
GAAGGCGGGGGGGTACT,0.7601405608255557
ATAAGGGTGGAGTTACT,0.7044476427964785
GTGAGCGTGGGGATTCT,0.6560892883409062
CGAAGGGTGGAGTTACT,0.6504038182133013
CGGGGCGGGGAGGTACT,0.6977422074275279
GCGAGGGGGACAACCCC,0.47562232917787867
ATAGGCGAGGAGTTATT,0.8242104249508742
CAGAGTGTGGAGTTACT,0.6539196746781373
CAAAGCGAGGGGATTTT,0.8823084928335041
CATGGCGTGGAGATTTT,0.6691569746830329
GTGGGCGAGGGGGTTCT,0.6800249929242745
CATAGCGTGGAGTTATT,0.7030734629743722
AGAAGCGTGGAGTTACT,0.6558195650985701
CGAGGCGTGGGGGTTCT,0.6472193899412543
GATGGCGTGGAGTTACT,0.6419053060299795
AAAAGAAGAACAAAACC,0.46381171037767477
AAGGGCGAGGGGTTACT,0.6292735996082721
CATGGCGGGGAGATTCT,0.6936089622028088
GGTAGCGAGGAGTTTCT,0.7533998967818828
AGGGGCGAGGAGTTTCT,0.6432312581071927
CAAAGCGTGGAGGTTCT,0.8206334897648121
ACAGTACCTTGGCTATA,0.04848466945528452
AATAGAGTGGAGATTTT,0.7977725124883154
ATTGGCGTGGGGGTACT,0.69438004898725
CTAGGCGGGGAGGTACT,0.7973635237746974
CAAAGCGAGGGGATATT,0.9275346852070411
AATAGCGTGGAGTTATT,0.6289538154800028
AGGAGCGAGGGGTTTCT,0.7465828282962771
AAAAGCGAGGAGATTTT,0.772204901082558
ATTGGCGAGGAGTTTCT,0.7059278047394196
CGAAGCGGGGAGGTACT,0.8393404782757027
AATAGAGTGGAGTTACT,0.70504345286359
AAGGGCGGGGGGGTACT,0.6585583124126495
CAAAGAGAGGAGATATT,0.9319061694262526
CAAGGTGAGGAGTTTCT,0.8754733117693703
CTTGGCGTGGGGTTACT,0.615368121306869
AAAAGCGAGGGGATATT,0.8718024100682629
CTAAGCGTGGGGTTATT,0.6750222428669008
CAAGGCGAGGGGATTTT,0.841126730846029
AAGAGCGAGGGGTTTTT,0.7068995444088252
GAAGGCGTGGAGTTTCT,0.6031915187013343
CAAGGCGGGGGGATATT,0.8721583357874733
ATTGGCGTGGGGATACT,0.70020570088177
AAAAGAGTGGAGGTACT,0.8207639325329255
ATTAGAGTGGAGTTTCT,0.6607880631431751
ATTAGCGGGGAGGTTCT,0.8383953401204285
AAGAGTGGGGAGTTATT,0.6917794451505647
CAAAGCGGGGGGTTTTT,0.8873403565141298
ATAAGCGAGGGGTTTTT,0.821682500911691
CATGGCGTGGGGATTCT,0.5928895954695386
CAAGGCGTGGGGATATT,0.6553480781915775
CATAGAGTGGAGATTCT,0.7206868159793489
ATAAGCGGGGAGGTTCT,0.8250897737195328
GAAAGCGTGGAGATTCT,0.6351334946220822
CGGGGCGGGGAGATACT,0.6799643405063439
GTAGGGAGACCAACCTC,0.6773025360079266
ATAAGCGAGGGGGTATT,0.7631754272269391
CAAGGCGGGGGGTTACT,0.7153040397164209
CGGAGTGAGGAGATACT,0.803524013944524
AAAGGCGTGGAGATTTT,0.6515975728296571
CATAGCGAGGAGATTCT,0.9734602941566696
CAAAGCGAGGAGGTTCT,0.9091895088775129
CAAGGCGGGGAGGTTCT,0.7953659456763874
GAAAGAGTGGAGTTTCT,0.6607576592471058
ACTAGAAGACAAACCCC,0.3667708307322302
GAGGGCGAGGAGGTACT,0.77513141870274
ATAAGCGGGGAGTTACT,0.7617292629062582
CTAAGCGTGGGGGTACT,0.7477148551246497
AAAGGCGAGGGGGTTCT,0.6573055707827654
AATAGCGGGGAGATTCT,0.797859547483969
GATGGCGAGGGGATTTT,0.7299437536272885
GAGAGTGTGGAGATACT,0.7188503225733142
AATAGAAGACAAACCCC,0.40791587446271854
ATTGGCGAGGAGTTTTT,0.6511244325509397
ATAAGCGTGGAGTTTTT,0.6638050711105907
ATAAGTGTGGAGTTACT,0.6698713304665148
CGAAGCGGGGAGTTTCT,0.7251235661491944
CAGGGAGAGGAGATATT,0.8348537786937364
AACGGAAGAACAACACC,0.47175780001256934
CTAAGCGTGGGGGTTCT,0.6911123640498436
CAGAGCGGGGAGATTCT,0.6853066197551654
CTAGGCGAGGAGGTTCT,0.8341892078900724
GAAGGCGTGGGGATACT,0.6535863061715997
CGTGGCGGGGAGATTTT,0.7300510576834741
AAAGGCGAGGAGATTCT,0.7180554646839621
AGAGGGGTGGAGATACT,0.8166754725749311
TGATCACCGCCAAAGCA,0.00038238334897131926
GAAAGAGTGGAGTTATT,0.6663012656999666
ATGAGCGGGGAGATATT,0.8545165466391518
GAAAGCGTGGAGGTACT,0.828875685487888
AGAAGAGTGGAGATACT,0.8122450748126238
ATGAGCGTGGAGATTTT,0.7065001344683995
GAAAGTGGGGAGTTACT,0.7985856460966115
AAAAGTGTGGAGATTCT,0.6727786181406146
AAGAGCGAGGAGGTACT,0.8998078830780804
CATAGAGAGGGGATACT,0.9953278504197153
CATAGCGTGGGGATATT,0.6555476063812153
AAAAGCGGGGGGGTTCT,0.7367588535251163
CTGAGCGTGGAGTTACT,0.6672250398524397
ATAAGCGGGGGGTTACT,0.8332476221237843
CGGGGCGAGGGGATTTT,0.645587011442396
GAAAGCGGGGGGTTTCT,0.8189707742790026
CGAAGTGTGGAGTTACT,0.6485936478355698
CTAAGCGTGGAGGTTCT,0.826997951434667
CAGAGCGTGGGGATTCT,0.4474336419979374
CTTGGCGGGGGGGTTCT,0.6755365640502441
CAGAGTGAGGAGATACT,0.6917751576786393
AAAGGTGAGGAGTTTCT,0.8121704336617732
GTAAGCGAGGGGTTACT,0.8139320662748158
AAGTCGTCGCCAAGAGA,0.049518936578541874
CTAAGAGTGGAGATTCT,0.7504576516314629
CTGAGCGGGGAGTTACT,0.7560705309969654
CTTAGTGTGGAGATACT,0.7288513625885364
AGAAGTGTGGAGTTATT,0.6543569004004848
CTGAGTGGGGAGGTTCT,0.7372014554760884
ACGTACCCCATCGCCCA,0.006040716446638877
AAAAGCGAGGAGGTATT,0.9395394247277965
CAAAGAGGGGAGTTACT,0.9768292847371083
GAGGGCGAGGGGGTACT,0.6915527977393399
AATGGCGAGGAGATACT,0.8644014756082551
CAAAGCGGGGGGTTACT,0.8524206934186798
AGAAGCGTGGAGTTTCT,0.5757387875157135
CGAAGTGAGGAGATTCT,0.922205831310058
CGAGGCGGGGGGATTTT,0.8126960443836982
GTAAGCGTGGAGATTTT,0.706013058736208
CAGAGCGAGGGGGTTCT,0.6242325155454007
AATAGCGAGGGGTTATT,0.8499497619044842
AATGGCGGGGAGATTTT,0.7529988021920769
CAAGACCGGCCCAGCCC,0.03125063495267233
AAGAGAGTGGAGATTCT,0.7213109880809081
AATGGTGGGGAGATTCT,0.6573206334823227
CAGAGTGAGGAGGTACT,0.7882723032427368
CTAAGAGAGGGGATACT,0.9515794789435296
AGAAGTGTGGGGGTTCT,0.6512059200877874
CTGGGCGAGGGGATACT,0.6425653923295503
CAGGGCGGGGGGATACT,0.7000843963978739
AGAAGCGGGGAGATTTT,0.8559471083743504
CTAAGTGGGGAGTTACT,0.8215120859132626
CAGAGCGTGGAGATTTT,0.5471942616110886
CAAGGCGGGGGGGTACT,0.8077508286474264
CGGAGCGAGGAGGTTCT,0.6954505638045898
AATAGTGTGGAGATATT,0.7551366701232922
AAGAGCGGGGAGATTCT,0.759897452126486
CTTGGCGGGGGGGTACT,0.7550458428682061
GCAAGACGGACCGCAGA,0.07174829747057536
AATGGCGGGGAGTTTTT,0.6879621968332821
CTAAGCGGGGAGTTATT,0.7944731756791004
AATAGAGAGGAGATACT,0.9944565077195817
ATTGGCGGGGGGTTACT,0.7202285287414999
AAAAGGGTGGAGTTTTT,0.682173425967725
GTGAGCGTGGGGATACT,0.6328486826509648
GTTAGCGAGGAGTTACT,0.8392542041643876
AAAGGCGAGGAGTTATT,0.7934031880414953
CGGAGCGTGGGGGTACT,0.6815684098790431
CAGGGCGAGGGGTTTCT,0.5558543013183688
AAGAGAGTGGAGATTTT,0.7911853010512029
GATAGCGGGGAGATTCT,0.7841121706645285
ATAAGCGAGGAGTTTTT,0.8711787773927724
CTCGCGGAAGCCAACTC,0.15418423311899535
AAAAGTGGGGCCTTCAT,0.6495300576024641
GAAGGCGAGGGGGTACT,0.8090638528846905
ATAAGCGTGGAGATATT,0.7395374216390308
GAAGGCGGGGGGATACT,0.7966177578932664
AGAAGTGTGGAGATACT,0.7282990105525929
GCTAGAAGACCAACCCC,0.2919734786067513
GAAAGCGTGGAGTTATT,0.6181088317797562
CGTAGCGAGGAGTTTCT,0.7183458326833335
TAAGTCGCGAACTAAGC,0.17203992856186473
GGCAGAAGGCCATGCCC,0.16148971099790188
AAAAGTGTGGGGATACT,0.6547051879500205
CGTAGAGTGGAGATTCT,0.7142094268602047
AAGAGCGGGGGGTTACT,0.8282346612819285
ATTAGCGGGGAGATACT,0.8524932559418712
CTAAGCGAGGAGTTATT,0.9221151763161536
GAAAGGGTGGAGTTACT,0.675190909017376
CGAAGCGAGGGGATTCT,0.8166080446438383
AAAGGAGTGGAGATTCT,0.8497708310250082
AGTAGCGAGGAGTTTCT,0.8105543144180937
AGTAGCGTGGAGTTACT,0.5371692499648174
ATGAGCGAGGGGTTACT,0.8201161557513506
AATGGCGGGGGGGTTCT,0.6823742675548701
AAAAGAGAGGGGATTCT,0.8803922188460752
CGAGGCGAGGAGTTTCT,0.7324481171750956
CAAAGAGTGGGGGTTCT,0.7170501269769761
CGAAGTGTGGAGATTTT,0.7019107147143312
CAGAGTGAGGAGGTATT,0.7358213230837766
AGAGGCGTGGGGATACT,0.6904827012144881
CTAAGCGAGGAGTTTTT,0.8901305188108678
CTAAGCGTGGAGTTATT,0.6987294235074298
CGAGGCGTGGAGGTACT,0.763590607160482
CTAAGGGTGGAGATACT,0.7387655314429946
CAAAGTGTGGGGATTCT,0.602859343466697
AGGAGCGTGGAGATTCT,0.7340721458942426
CTCCCCAGACGCAAGTT,0.03361171232815866
ATTGGCGTGGAGATATT,0.6906429607085703
AACAGAAGAACAAAACC,0.49524197541202136
AAAAGCGGGGAGTTATT,0.7871704585217256
CAGAGCGAGGAGATATT,0.6007356354115614
GAGAGTGTGGAGTTACT,0.644346165544358
AAAAGAGTGGGGGTACT,0.7042416840127094
AAGAGCGGGGAGATTTT,0.8011320818331328
AAGAGCGAGGAGTTTTT,0.7541261368393449
ATAAGAGTGGGGATACT,0.7087227420742959
CTAAGCGGGGGGGTACT,0.8262727350432207
CGAAGCGTGGGGATATT,0.6811189728419468
CGAGGCGAGGGGGTACT,0.8196120616284492
AAAAGCGAGGGGGTTCT,0.8011603955326568
CGAGGCGTGGGGATACT,0.6635609958261167
CAGAGTGAGGAGTTTTT,0.6404232679778781
ATAAGAGTGGGGTTACT,0.7037174242465234
AAAAGAGAGGAGATATT,0.9950514658339628
CGTAGCGGGGAGTTACT,0.7598826096167314
ATGAGCGGGGAGATACT,0.8564804298203352
GAGAGCGAGGGGATTCT,0.7608299210914305
AAAAGCGGGGAGTTTTT,0.7639140982293214
AAGGGCGTGGAGATATT,0.6687443577599245
CGTAGCGTGGGGATATT,0.6461049291223969
AATGGCGTGGGGATACT,0.6770637727993416
CTTGGCGGGGAGTTACT,0.6740623491554072
AAGAGAGTGGGGATTCT,0.6513331581806056
CTAAGGGTGGAGTTACT,0.6766440035620295
AAGGGCGTGGGGATTCT,0.6062754593348109
ATCGGAAGACCAACCCC,0.37432085166489526
CGGGGCGAGGAGATACT,0.6981372750041385
CGAGGCGGGGAGTTACT,0.715572646383564
AAAGGCGGGGAGATACT,0.757776808300552
GAAAGGGTGGAGATATT,0.6686559288555551
AGGGGCGTGGAGATACT,0.7192587229348631
AAAAGTGGGGAGTTATT,0.6946871128933271
ATAGGCGAGGAGATATT,0.8796037266854295
ATTAGCGAGGAGATACT,0.9684013510594209
CAAGGCGGGGGGATTCT,0.7909831412155646
GTAAGCGTGGGGGTTCT,0.675985203008198
AAAGGCGGGGAGTTTTT,0.7391530268066949
AGAAGCGGGGAGGTTCT,0.8268240276078239
CGGGGCGAGGGGGTTCT,0.59790991339164
CAAGGCGTGGAGTTATT,0.6555369459467504
AACTCTAAAGCCAAGGC,0.06351668837103937
AAAAGCGTGGGGATATT,0.664079437152133
CAAAGGGTGGAGTTACT,0.6842276354624295
CATAGCGTGGAGGTACT,0.9191204254504327
CGGGGCGGGGAGTTACT,0.6262149515388383
AGAAGGGTGGAGTTACT,0.6802401366461451
CTTAGCGAGGAGATTCT,0.9112720921199647
ATCAGGAGACCAACCTT,0.7055411301892456
ATTGGCGAGGGGATTCT,0.7301358726080746
GACAAAGCACGAAGCAC,0.06986100762163897
GAAAGTGTGGAGTTACT,0.648816974642635
CAAGGCGAGGGGGTACT,0.8986780387844608
CTTAGCGGGGAGTTACT,0.7649641047115013
AGAAGAAGACCAACCCC,0.3491535536244773
CATAGCGTGGAGATATT,0.8091702770530182
CTAAGTGTGGAGATTCT,0.7191498740955847
AATGGCGAGGAGTTTTT,0.7517377385232105
AGTAGAGTGGGGATTCT,0.6527590927117838
CGAAGCGAGGAGATATT,0.9624363193245244
ATAAGTGGGGAGATTCT,0.8280651347095523
AAAGGTGGGGAGTTTCT,0.641109789367282
AATGGCGTGGGGTTACT,0.6063365101972366
GGGAGCGTGGAGATACT,0.7596257747755518
GAAAGCGTGGGGTTTTT,0.6287613655831471
AATAGGGTGGAGGTTCT,0.6847883053638015
CAAAGCGGGGGGTTATT,0.9097483212682186
AAAAGAGTGGGGATTCT,0.6578222152140338
CGGGGCGTGGAGATTCT,0.6027171009836395
GTAAGCGAGGGGATTTT,0.8405488138440658
GGAAGCGTGGAGATTCT,0.6409569020141797
ATCGCGCAATGCCGTAG,0.0046421055722825795
AAAGGCGAGGGGATTTT,0.7879232873488186
AAAGGCGGGGAGGTACT,0.77344928383345
CAAAGAGTGGGGTTTTT,0.7313324492056679
AATAGCGAGGGGATATT,0.9014000582937395
AATAGTGTGGAGTTACT,0.6826443696730894
AATGGCGAGGGGATTCT,0.7037921120622934
CAAAGCGGGGGGATTCT,0.8345388952668935
AAAAGCGAGGAGTTTTT,0.8770820333024827
CAGAGCGGGGGGTTTCT,0.6297624999668251
AAAAGAGTGGGGTTTCT,0.705138234633452
AGAGGCGAGGAGTTATT,0.8506236281693749
AGAGGCGAGGGGATACT,0.8347420224320958
ATAAGCGTGGAGTTATT,0.7270432485090768
GATAGAGAGGAGATACT,0.9955471467008272
ACAAGAAGACAAACCCC,0.41341394304942003
TTGGCTGGAGACTTGCC,0.17613557772707428
GCCAGAAGGCAATCCCC,0.21610106320269623
CAAAGCGGGGAGGTTCT,0.8614381665089754
AAAGGCGAGGAGATTTT,0.8255533467757317
ATAAGAGTGGAGATATT,0.7828079478539064
AAGGGCGTGGAGGTTCT,0.6270901925095287
CAAAGCGGGGAGATATT,0.8853931452673205
GAAAGCGAGGAGATTCT,0.9293011169435953
GCAAGAAGAAAAACCCC,0.43873947842385674
GAAAGTGTGGGGATACT,0.65231602604536
CAAGGCGTGGAGATATT,0.6806247556583996
CAGGGCGTGGAGTTTCT,0.45001304246872514
ATAAGTGGGGAGTTACT,0.7936972393908267
CTTAGCGTGGAGATTCT,0.6759361768503689
AATGGGGGGCGAACCTC,0.6808574823121917
GAAAGTGTGGAGATTCT,0.6544508038107117
GAAGGCGTGGGGATTCT,0.6214012744986884
ATTGGTGTGGAGATACT,0.6772440453350161
AATAGCGAGGAGATTCT,0.9061632842739833
AGGAGCGAGGGGTTACT,0.7971596559794679
ATAAGCGGGGAGGTATT,0.8220319476703374
CTAAGGGTGGGGATACT,0.6865858960401205
AATAGCGGGGAGATTTT,0.8545405998714154
CGTAGCGGGGAGATACT,0.8404451307875422
CAGAGCGAGGAGTTATT,0.5752095492338246
CTAAGCGGGGGGGTTCT,0.7645407687663579
CGAAGGGTGGGGATACT,0.6584957035301222
CGAAGCGAGGAGGTTCT,0.9196384450721388
ATAAGGGTGGGGATACT,0.7012125799203315
CTAAGTGGGGAGTTTCT,0.8050856082174417
ACCAGGAGAACATCCCC,0.6016328236530435
CATAGCGAGGAGATATT,0.996261572500053
CTGAGTGGGGAGTTTTT,0.7121749245398553
CGAGGCGAGGAGTTTTT,0.7842758063127604
AGAAGTGGGGAGTTACT,0.8110001925210649
GTAAGCGGGGAGATATT,0.8111038524667088
GAAAGCGGGGAGTTTTT,0.7312001685568796
AGTGGCGAGGGGATTCT,0.7417778142428565
CTGGGCGTGGAGTTTCT,0.5526080283033917
AAAAGGGTGGAGATTCT,0.6669405592906595
CATAGCGGGGGGATACT,0.9735723438167081
CGAGGCGGGGGGATACT,0.7947535287487273
ACAAGAAGACAATGCCC,0.46024592699152045
CTAAGAGTGGGGTTACT,0.7334291671225887
CTAAGCGTGGGGTTACT,0.6724170237270145
AAGGGCGAGGAGATTCT,0.7091124585067738
TGGGCTGAGGCCAACCC,0.24697271676812044
AGAAGCGTGGAGATTTT,0.7200512281594329
CGAGGCGGGGAGATACT,0.773986834117893
AAAGGCGAGGAGGTACT,0.8706443817052405
ACCAGAAGACCAAGCCC,0.2581037340846761
GACGGAGGACCAATCCC,0.7772617647492887
AGGAGCGAGGAGATTTT,0.8349294875865226
CAAGGCGTGGGGGTACT,0.7058203465038078
CTAGGCGTGGAGTTACT,0.6575358849066475
GGAGGCGGGGAGGTTCT,0.7511950004749217
CTGAGAGTGGAGTTACT,0.7083961361545693
CGAAGCGTGGGGGTTCT,0.6890344262261338
TAATCGGCTAACGGGGA,0.003822566942481116
CATAGAGTGGGGATACT,0.7713107521260091
AGAAGTGAGGAGTTTCT,0.8238735698978167
CTAAGCGAGGGGGTTTT,0.8621059266532123
AAAAGTGAGGAGGTACT,0.9736095911437934
ATAAGCGGGGAGTTTCT,0.7358824500289803
AGTAGAGTGGAGTTTCT,0.6793330480694347
ATTGGCGAGGGGTTACT,0.7351503959516086
AAGAGCGTGGAGTTACT,0.7006689335406447
AAAAGAAGGCCAAACCC,0.6128770064637158
CAAAGCGAGGAGATTTT,0.970022675724242
GATGGCGAGGAGATTCT,0.7640397508123395
GTAAGAGTGGAGTTACT,0.6958260047238697
CTTGGCGAGGGGTTATT,0.7454996746139066
GTGAGCGTGGGGATATT,0.6275995517621321
AGAGGCGGGGAGTTTCT,0.6973841013638485
AATAGTGTGGAGATTCT,0.6564507427212916
ACGAGAAGACCAAACCC,0.5491970379313795
GACAGAAGAAAATGACT,0.5154151486530754
GTGGGCGAGGAGATACT,0.7413308251287368
GTGGGCGTGGAGGTACT,0.609752635273048
CATGGCGAGGAGTTTTT,0.7626003264886562
AAAGGTGAGGAGTTTTT,0.6537971650444099
GCCGGAAGACCATCCCT,0.25819984245254723
CAAAGTGAGGAGTTACT,0.9537833906538911
CGTAGCGAGGAGTTACT,0.8344392931263791
GTAAGCGAGGAGATACT,0.9054907313426181
CAGGGCGGGGAGGTTCT,0.6041048037196699
CGAGGCGAGGGGTTTCT,0.7465228938383021
AAAGGAGAGGAGATACT,0.986881770183381
GGTAGCGTGGAGATACT,0.6593704341031459
AAAAGCGAGGAGGTTCT,0.9294956335561846
AAAAGTGAGGAGATTTT,0.9825406761305966
AAAGGCGTGGGGTTACT,0.6476766246376265
ATCAGAAGAAAAAACCC,0.45320146429699987
AAAAGAGTGGAGTTTTT,0.7222607681820777
CGGGGCGAGGGGATACT,0.6408309624114495
CATAGCGTGGGGGTTCT,0.6824772771309547
AGAAGCGGGGGGGTACT,0.8165003807144455
GAATACGCAGCGGAGCA,0.00027140853023517955
AATGGCGGGGAGGTTCT,0.7477436066996764
GAAGGCGTGGGGTTACT,0.6312504372928581
GATAGTGGGGAGTTACT,0.7914734000450638
AAAAGAAGAACAACACC,0.26912917019856614
CGAAGTGAGGAGTTTCT,0.8282848702587089
CAGAGCGAGGGGTTTTT,0.5515291046936004
CTTAGAGAGGAGTTTCT,0.8706393506732887
CGAGGCGTGGAGATTTT,0.4773345497749764
CTAAGCGAGGAGATATT,0.9722534561396962
GATAGCGGGGAGTTACT,0.7492310692808092
ATTAGCGAGGGGTTACT,0.5272585660023358
CAAGGTGTGGAGTTACT,0.6397282396716125
CTAAGCGAGGGGATTCT,0.8258943781935904
GCCAGAGGGCCAAACCC,0.49915938521500164
GTAGGGGGGCCAACCCC,0.5594534407547176
ACCTCGGGGGGTATGCC,0.7130684389500547
GGGAGCGAGGAGGTACT,0.814944074832805
AAAGGTGTGGAGGTTCT,0.7284327094921502
CGAAGAGTGGAGGTACT,0.8533472051257779
CATAGAGAGGAGATACT,0.9914076024661231
AGAAGCGTGGAGGTTTT,0.8575852531545535
AAGAGAGTGGAGGTACT,0.8297477669149741
TATGGAACGCGAACGAC,0.029222976314501544
CAGGGCGTGGGGTTACT,0.4985328982709941
CGGGGCGAGGGGTTACT,0.5930063731963613
AAAAGAGAGGGGATACT,0.8440726986427362
ATTAGCGTGGGGTTACT,0.6741800756001602
CGCGCTGGAACCTTAAC,0.14746133702455524
CGAGGCGTGGGGGTACT,0.7015365858342482
ATGAGCGAGGGGATTCT,0.8175835148167092
CGGAGAGTGGAGTTACT,0.7252187540298279
ATAGGCGAGGAGGTACT,0.8798436519040572
CAGAGCGTGGAGGTATT,0.6144512386176272
CTGAGCGTGGGGTTACT,0.6646875210273706
ATAAGTGTGGAGATTTT,0.7616002593441287
CAAGGTGTGGAGATACT,0.7442929972299257
CGAAGTGTGGGGATACT,0.6453552617144062
ATTGGCGGGGAGGTACT,0.7689449796124079
AAGGGCGTGGAGGTACT,0.6806865410898723
AATAGCGGGGAGGTACT,0.868858151072295
ACCGGAAGGACAACCTC,0.5264717069481742
GAAGGCGGGGAGGTACT,0.8019895869698962
AGAGGCGTGGGGTTTCT,0.6331679774427876
CTAAGAGTGGAGATATT,0.8208208248853066
GAAGGCGGGGGGGTATT,0.7595147175052309
AGGGGCGAGGGGTTACT,0.6349095474142439
CGTAGCGAGGAGATACT,0.9467955487991002
CAGGGCGAGGGGGTACT,0.6134201844429271
GGGGGAAGGCCATACTC,0.7400835768137609
GAAAGAGAGGAGATTCT,0.9895341397881763
CATAGCGTGGGGATTTT,0.6368620955549221
CAGAGCGAGGAGGTTCT,0.6544821049818265
TGTAAAACCTGGACGCC,0.07255928661560486
ATAAGTGAGGGGATACT,0.9216501779848322
ATAGGCGGGGAGGTACT,0.8244607418878448
GAGGGCGTGGAGATACT,0.7183153591664805
GTGAGTGGGGAGTTACT,0.7215826724438311
GTTAGCGAGGGGTTACT,0.8066291426785261
ATGAGCGGGGGGGTTCT,0.7631560690926792
CTTGGCGTGGAGGTATT,0.7612827997469018
ACAAGAGGATCAACCCC,0.6399975839300259
CTAAGCGAGGAGTTTCT,0.8162389653456482
AAAAGTGTGGAGATTTT,0.7328041912098607
CAAGGCGTGGGGTTACT,0.6818166283846087
CTAAGCGGGGGGTTTCT,0.8299306297123893
ACAAGAAGGCCATCACC,0.5971155764406099
CGTGGCGAGGGGTTTCT,0.6733549578205992
ATAAGTGTGGAGTTTCT,0.6403489727589573
CAGAGCGAGGAGGTATT,0.6083011854350275
CATGGCGTGGGGTTTTT,0.6073156035836196
AAAAGCGTGGAGTTATT,0.6846957383059501
AAGAGCGAGGGGATTCT,0.7422145749863537
CTGGGCGAGGGGGTTCT,0.5923439543533617
GAAGGCGTGGAGTTACT,0.619075868433455
CTTGGCGAGGAGGTTCT,0.8277427396645154
ACCAGAAGAACAACCCC,0.12760751338199436
TCCAAGGAAGGCTTGCC,0.13116601309357323
CAGAGTGTGGGGGTTCT,0.665307913085391
GATAGCGGGGAGTTTCT,0.7195532846536206
GCCGGGGGACCAATACC,0.6553607349495728
AAAAGGGCGTCGCATGG,0.002718265814777274
AAAAGGGTGGAGATACT,0.7510768490791432
AATAGAAGACAATACCC,0.4496484265184648
CGAGGCGAGGGGGTTCT,0.6679550357618115
CTGAGTGGGGGGTTACT,0.7895232143790574
AAGAGCGAGGAGGTTCT,0.8834899196018611
AGAGGCGGGGAGATTCT,0.7578739507258463
CTTAGCGTGGGGTTACT,0.6522545871315841
TACTAGGAAGCCAACAC,0.5203084844622042
ATGGGCGGGGGGATACT,0.6964920078358348
AACTCGCCCCAATACAC,0.018922910394659022
ATAAGAGTGGAGATTCT,0.7130072943241527
CGGCAACATAAGACCAC,0.07364154232879404
GCCAGAAGGCGAATCCT,0.36945637457897307
AATAGTGTGGGGATTCT,0.5691003195531146
ATAAGTCGCCGCGCCTA,0.0034286406791164525
CAAAGTGTGGAGATATT,0.636223024379158
AAGAGCGTGGAGTTATT,0.6498663887203862
AAAAGAGTGGAGGTTTT,0.8512657923779184
GATAGAGTGGAGATTCT,0.6854696744479601
AGCATACGACCTCCAAC,0.0446712117966191
GATAGCGGGGAGGTACT,0.8452900732098179
CAAAGCGAGGGGATTCT,0.8574146889220745
ATAAGCGGGGGGATTCT,0.8116045200801764
GATGGCGAGGAGGTACT,0.8416466149059185
AGAAGCGGGGGGGTTCT,0.7621866955581574
AGAAGCGTGGAGGTTCT,0.8105713964515401
GGAAGCGTGGAGATACT,0.6871289438533803
ATTAGAGTGGGGATACT,0.7360764744089843
CTGGGCGTGGAGATATT,0.6267612460344476
CAGAGAGTGGAGTTACT,0.6957503474510448
AAAAGAAGACCAACCCT,0.465035565056539
CAGAGCGAGGAGATTTT,0.5815882702511046
TAAACGGGGAGATACCC,0.7080248393761122
ATGAGCGAGGAGATACT,0.9223485546553245
AAAGGGGTGGAGATATT,0.754506868346679
AAGAGCGTGGGGGTACT,0.7126830529312866
ATGGGCGTGGAGGTACT,0.6948271719716963
TGTGGGGGAACCATTCC,0.7462867560704735
AAAAGAGAGGAGTTTTT,0.9625296833263514
GCGGGGGGAACATAATC,0.8214299090642891
CAAGGTGGGGAGGTACT,0.6298426737791913
CTAAGTGTGGAGATACT,0.7700868664588771
GAGAGCGGGGAGGTACT,0.8038608601196184
GTAAGCGGGGAGGTACT,0.815380421027709
AGAGGCGTGGGGATTTT,0.6623292318416234
AGTGGCGTGGAGATTCT,0.630832654341921
GAAAGCGGGGAGATTCT,0.7947576537785349
AGGGGCGAGGAGGTTCT,0.7269871681422396
CGTAGCGAGGGGGTTCT,0.7868855557888269
GAAAGAGAGGGGTTACT,0.9234377985481428
CAAAGCGGGGAGATTTT,0.8054026056386446
AATAGCGAGGGGGTACT,0.5844317671584746
AATGGCGTGGAGATATT,0.6923290110841659
CAGAGCGGGGGGGTACT,0.6457564889659723
CATAGAGTGGAGATACT,0.9457577086849258
GAAAGTGAGGAGATACT,0.9922516502398863
CGAGGTGAGGGGTTACT,0.7582718480938414
AAAAGCGTGGAGTTTTT,0.6545774956715743
GATAGAGTGGAGTTTTT,0.618913032727576
CAGAGCGGGGAGATATT,0.6316192787731939
ATTAGCGAGGAGATTTT,0.9421332287091897
GGAAGCAGGAAGCGCGA,0.3150139716652211
ATAGGCGTGGAGATTCT,0.6673313906636363
CAAAGAGTGGGGGTACT,0.8402592635684664
GCGGGAAGAAAAAAACC,0.5884428636061347
AGAAGCGTGGGGGTTTT,0.7181770120563802
CAAAGAGTGGGGATATT,0.7634671977083917
ATGAGCGTGGGGGTACT,0.7333810807730632
AATAGTGTGGAGATTTT,0.7512106959419657
CAAGGAGTGGAGATACT,0.9217941597655488
AAAAGAGTGGAGTTATT,0.6913893353410665
CGAAGCGTGGAGGTTCT,0.7834233345975034
CTGAGCGAGGAGTTACT,0.8107908327019481
AAAGGCGGGGGGGTTCT,0.688891241019787
CTAGGCGTGGAGATTTT,0.6851116248705932
CTTAGAGTGGAGATATT,0.8274281630519639
CAGGGCGAGGGGGTTCT,0.5101978870964601
CATAGTGTGGAGTTTCT,0.6551238618010853
CGAAGCGAGGGGATTTT,0.8454089447017272
TATTGCGATGAGCGCAG,0.0699413530452485
GGGAGCGGGGAGATACT,0.7805650738006303
GGTGGCGAGGAGTTATT,0.6190795168622465
CAGGGTGAGGGGATACT,0.6863943957832764
AGAAGTGTGGGGTTACT,0.6497661316950221
GCCGGGGGACAATGCTC,0.6152050905753861
CGAAGCGAGGAGATTTT,0.9400334922019822
CGAGGCGAGGGGTTACT,0.7133266814681942
GTAAGAGTGGGGTTACT,0.6849968900323075
ATAACCTATGGCGCCGG,0.0019391451240665025
CAGAGTGAGGGGATACT,0.6566937035613297
GATAGCGGGGAGGTTCT,0.8297854668743786
AATGGTGAGGGGTTACT,0.7732838914845749
AGTGTCGCGTGTACCAA,0.050939015237928036
GAGAGTGTGGAGATTTT,0.6776665703065237
AAGGGCGTGGAGTTACT,0.6000185472336445
CAGGGCGAGGAGTTATT,0.5558981891633376
GAGAGCGAGGGGTTTCT,0.7293159312126097
AAGGGCGGGGAGATTCT,0.6326137584983293
ATTGGCGGGGGGGTACT,0.7334748471092425
GTTAGCGTGGAGATACT,0.6756441483598571
ATAGGAGTGGGGTTACT,0.6888558867052177
CATGGAGTGGGGGTACT,0.6646781647610877
AAGAGCGGGGAGATATT,0.8379232525159047
ATAAGAGAGGAGATTTT,0.806066650143743
AGAGGCGAGGAGTTTTT,0.8061610075366572
AAAGGCGTGGAGGTATT,0.707723973533258
CATGGCGAGGAGGTTCT,0.7650438813254355
CGAGGCGGGGAGTTTCT,0.710535690196804
CGTGGCGTGGAGGTACT,0.7230942028449608
GACGGAAGGCGAATCCC,0.4161571650794362
AAAGGAGTGGGGATACT,0.8319904647034051
CGTACACCGTTGCCCAG,0.003787115211164936
AATAGTGAGGAGTTACT,0.908033698724269
CAGGGTGAGGGGATATT,0.6717686305696403
GAAAGCGAGGGGGTACT,0.9095252742299127
AAGGGCGTGGAGATTTT,0.6370923767739316
ACCAGAAGACCAACATT,0.203172709165521
CAAAGAGAGGAGATTTT,0.9948024146017176
GCTGGAAGAACAAACCC,0.4623045437951199
AGAAGCGAGGGGATTTT,0.8777117231760607
CAGAGCGAGGGGGTATT,0.5948064602860471
CATAGTGTGGAGTTTTT,0.6605017612387567
CTAGGTGAGGGGTTACT,0.806812210761967
ATTAGAAGGAAATCCTC,0.6686773970716479
CGGGGGGTGGAGATTCT,0.6299301972770829
GACAGAAGAGAAACCCC,0.5976951344031516
CAAAGGGTGGAGATTTT,0.7247448398084134
TTGATCTGCGTAAGCGC,0.06876518400857697
CAACAGCAACCGGCAGG,0.0006060467628604054
CCAATAGCCACCGTCAA,0.02116769416452223
CTTGGAGTGGAGATACT,0.8264031625782899
ATGAGCGTGGAGGTTTT,0.8523366506789626
GAAAGCGAGGAGGTACT,0.9592639277421843
CGTAGCGTGGAGATATT,0.7231696990780966
GCGAGAGGGCCAAAACC,0.7199880813693372
AGTAGCGTGGAGTTTCT,0.6366423556374631
ATGAGAGTGGGGGTTCT,0.44098599889138934
CAAAGCGAGGGGTTTTT,0.8391018224624698
CAGAGCGTGGAGTTTTT,0.3952072628502807
AGATAGCGCGTGCAAGG,0.050228722730529
GGTGGCGTGGAGGTATT,0.5770494356242667
AATAGCGAGGAGATTTT,0.9629632805792769
GCTAGAAGGCAATGCCC,0.5014092853891682
AATGGAGAGGGGGTTCT,0.8300786807154881
CAGGAACGGCTGATTAC,0.282177992497851
CGTAGCGTGGAGATTCT,0.680889200917376
AGGGGCGGGGAGATTTT,0.7040173780145754
AGTGGCGAGGAGATATT,0.8751180064805114
CTAAGAGTGGGGATACT,0.7531749643778888
CGGAGCGTGGAGGTACT,0.7088763728791855
AGTAGCGTGGGGGTTCT,0.666556867505518
CAAGGCGAGGAGTTATT,0.8720682338019592
GAGAGAGTGGAGATTTT,0.7388945725161009
CGTGGCGTGGGGTTTCT,0.6458420476367434
ATAGGCGTGGGGTTTCT,0.6847721358937324
TAAACCGCGACAACCGT,0.03320457971025284
TACACACCCGCGATAAC,0.007542649265931647
AACAGAAGAGCAAGACC,0.42438160579247003
CTAGGCGAGGAGATACT,0.8973882101061845
AAAGGAGTGGGGTTTCT,0.6578411104725193
AAAAGTGGGGAGGTATT,0.8758965638199888
AAACACAGTAGCGGACC,0.09015157901638995
GACAGAAGACGAAACCC,0.3898123499940588
CATGGCGTGGAGTTATT,0.531453082280162
GATGGCGGGGAGATTCT,0.6762977834655973
GGAGACGTGCCTCATGA,0.00973827771861236
ACAAGAAGAAAAATCTC,0.4727656200912818
CAAGGCGGGGAGATACT,0.8237116032012135
AATGGCGTGGAGTTATT,0.6293109525345995
CAGGGCGTGGAGATTTT,0.5859113717291525
CGGAGCGGGGAGTTACT,0.6516605225218218
ATTAGCGTGGGGGTACT,0.7064232142813168
GCAAGAAGGCGATACCC,0.6114125406132068
AAAACTCGGCGGGCCAT,0.2910848801142626
ACCAGGAGACCATACCT,0.7424250721794377
CAGAGCGTGGAGTTATT,0.45304061156621656
CATAGGGTGGAGATACT,0.7613454046766831
CGGGGCGAGGGGGTATT,0.6630569184430886
ATGAGCGTGGAGATTCT,0.6853213324626649
GTAAGCGGGGAGTTTCT,0.7221900129645469
ATAAGAGAGGAGATACT,0.9870893029436725
CGAAGCGAGGAGTTTTT,0.8523334276460104
CTAAGCGTGGAGTTTTT,0.699415798055488
ACAGGAAGAAAATCACC,0.6652804079661121
ATGAGAGTGGAGTTATT,0.7064662186569127
GATAGAGTGGAGATATT,0.7634526784846496
AATAGCGAGGGGTTTCT,0.7842503860693755
GGAGGCGAGGAGATACT,0.8772490246847828
CGTAGCGTGGGGATTCT,0.6225751588372297
CAAGGAGAGGGGATTCT,0.9008608308396908
CCCGCAGAAGCCATACC,0.09127462773381644
TCGAAGGGGGCCAACAC,0.6789821738216326
AGAAGAGTGGAGATTTT,0.7842627612472232
ATAGTGCGCAACCTACC,0.18651736485822107
AGTAGCGGGGAGTTTCT,0.7289429498226909
GCGAGCGCAGAGAGAAA,0.26484556461724823
GTAAGCGGGGAGATTCT,0.7517997003763833
GTAGGCGTGGGGGTTCT,0.6421627423818965
CGCAATGAGGCAATCCC,0.5624763400015497
GTTGGCGAGGAGTTTCT,0.6748328248602551
AACAGAAGAATAACCCC,0.11878772476716914
CTGAGCGGGGGGATACT,0.8592877945637959
GTTGGCGGGGGGTTACT,0.6999269450967966
AAGAGCGTGGAGGTTTT,0.7966808754305305
CTAATGCCGGCGGGTAA,0.014056295521401795
CAAGGGGTGGAGGTATT,0.6719990746659813
CATGGTGGGGAGGTACT,0.5974464202731047
CTGAGCGAGGGGATACT,0.8249818969597393
CTTGGCGAGGGGATATT,0.788005447178451
CAAGGCGAGGGGGTTTT,0.8403407860769219
TCTAAAAGACTCCGTGC,0.03270434904893223
CGAGGCGAGGAGATACT,0.8668727496803483
CGAGGCGGGGGGTTACT,0.6514610978233377
AACAGGAGACCAACCCC,0.7295062347410808
AATGGCGGGGAGTTACT,0.6957453322325348
ATTGGCGTGGAGTTACT,0.6307085617944377
GTGAGCGTGGGGTTACT,0.6758840638091189
TAAACGACCTAGCTGGC,0.0024140973481775975
GGGAGAAGGCAAAGCCC,0.6179306314386636
AAAGGCGTGGGGATTTT,0.6349063958087912
CGAAGCGTGGAGGTATT,0.7872123560328143
AGTAGCGAGGAGATACT,0.9405094835265515
CAAGGCGAGGAGGTACT,0.954625109502469
ATTAGAGTGGAGTTTTT,0.6957023949326729
CAGAGCGAGGGGATTCT,0.5817251092024324
CAAAGGGAGGAGATACT,0.9536864679472906
CAGAGAGTGGGGGTTCT,0.6947322716917886
CAGAGCGTGGAGGTACT,0.6450387734362849
ATGAGAGTGGGGATATT,0.7083374250722682
CGTGGAGTGGAGATACT,0.8254362155921318
TCGAAACGCTACCGAAG,0.03902060536911205
AGTAGCGGGGGGATACT,0.8426874906973274
CGTAGCGAGGGGTTTTT,0.8253920375884125
CGTGGCGGGGAGATACT,0.7251594135091416
GTAGGCGGGGAGATACT,0.7737689970772382
CGACCACAGCGACAGAG,0.028110524425628305
AGAAGAGTGGGGATACT,0.613687040915899
CGGGGCGAGGAGATTTT,0.6339607381594379
ATGAGCGTGGAGATATT,0.7446085891461546
AACGCGGAAGCAATGAC,0.4526154057862333
CGTAGCGGGGAGTTTCT,0.7522535216553173
CTAGGCGAGGAGATATT,0.8804702792210957
CGTAGAGTGGAGATTTT,0.774913770038191
ACCACACGGCAGATACG,0.02700796510735726
CTGAGCGAGGAGATTCT,0.8572239874075015
AAGAGCGAGGGGATTTT,0.7160534371285923
CTAAGAGTGGAGGTACT,0.878522731470333
CTAAGGGAGGAGATATT,0.7261990704438951
AGAAGCGAGGAGATATT,0.9805291932482496
GTGAGCGGGGAGGTTCT,0.805488246934836
AAAAGAGGACGAACCCC,0.7105153721217302
GGCGGGAGGCCAACACT,0.678741594079174
AATGGAGTGGAGATACT,0.8760146103292606
AGAAGCGTGGAGGTACT,0.8337592621534637
AGCAGAAGACAAACCCT,0.3896707901203308
CGTGGCGAGGAGATTCT,0.7745250111721391
GCCGGGAGATAAACACC,0.16892257497712654
ATGAGCGAGGAGATATT,0.8967996814875445
CGAAGCGGGGGGATACT,0.8622971186364177
GGCAGAGGACCATCACC,0.6372338335921393
GTAAGAGTGGAGATACT,0.780038473723084
ATAAGCGGGGGGGTTCT,0.7528708214533608
CGAAGAGTGGAGATTTT,0.7938709973837569
GAAGGAGTGGAGGTTCT,0.666331784601786
AAGAGTGAGGGGTTTCT,0.825807390114779
AGAAGCGGGGAGATACT,0.8710443057328615
GGTAGCGAGGAGATTCT,0.7824317176451866
AATAGCGTGGAGTTTTT,0.6641965774954636
CAAGGTGTGGGGGTTCT,0.6774978175685124
GATGGCGAGGGGATATT,0.7173647046036574
CTTAGAGTGGAGATTCT,0.7411330257120663
AAAAGGGTGGAGTTTCT,0.6678275118025139
AAAAGTGTGGAGATATT,0.7478214841019073
ACAAACGAAGTGATGTG,0.11042268764523364
TGGACTGGAGCCAAGCT,0.061941056175245604
CGTAGCGTGGAGGTACT,0.8179318227915802
AGAAGCGTGGAGATTCT,0.6664526160604086
AGTAGCGAGGGGATTCT,0.7987010296651813
ATTAGAGTGGAGATTCT,0.7507547256315762
CAGAGTGAGGAGTTATT,0.6693938072369614
CGAGGCGGGGAGATATT,0.7622732160819172
GTAGGAGTGGAGTTTCT,0.7518020316821773
ATGAGCGTGGAGGTATT,0.8171958009349299
CTGAGCGGGGAGATTTT,0.8500250680380571
GATGGGGTGGGGATTCT,0.5892379731072042
AGGCCGAAAACGAAACA,0.21917458190420785
GTTAGAGTGGGGTTTCT,0.6489378147821999
CGAAGAGTGGAGATTCT,0.7332833968516306
CGGGGCGAGGAGGTACT,0.7802378815841341
AACACAAGGCAGCATGA,0.21767233110319661
CTGAGCGAGGGGTTTCT,0.7714486001137618
AACAGAAGACAAAACCC,0.4475446882396264
ATGAGGGTGGAGTTACT,0.7387239097789746
GAAAGCGGGGAGTTTCT,0.703576666108555
AACAGAAGGGCAACACT,0.6263504329980185
ATTAGAGTGGAGGTACT,0.836786756234973
CTTAGTGAGGAGTTTCT,0.8537297962322988
CGCACTGAAGGCATCCC,0.1518216340881824
AACTGACGACGAGCGGC,0.022441925870656184
AAGAGCGAGGAGGTATT,0.8849108294811754
CACAAAACCACCGCGAG,0.005805373756190102
GATAGCGTGGGGATTCT,0.599637120105628
AGCAGAAGACGAACCTC,0.2899796228760105
GACAGAAGACCATCCCC,0.4587884544810336
GAGAGCGAGGGGGTTCT,0.8064539697540484
CATGGCGTGGAGATATT,0.7070291840579993
CGTGGCGTGGGGATACT,0.632895310600304
GCCAGGAGATTAACACC,0.5936563363225547
AAAAGAGAGGGGATTTT,0.9432104755622878
TAAGCCACGCATCGCAC,0.0014892288558554418
ATCGGGGGGTCAACACT,0.694347354140436
CGTGGCGGGGAGTTTCT,0.6858633192065913
TTATTGCCCGAGTTTGG,0.003302903030757818
CCGCTGCACGACAAACA,0.006722823336058895
CTAAGCGAGGGGGTATT,0.8943053289479441
GAAAGGGTGGAGATACT,0.631966721088132
AAGGGAGTGGAGGTACT,0.6990684917663567
ATAAGCGGGGGGATACT,0.8588448794750203
AAAAGGGTGGAGATATT,0.7267846494729723
GCCAGAAGATGATACCC,0.43935872513679974
AATAGAAGACAAAACCC,0.47284446694572263
CTTGCGGAAGAGAACAC,0.5845658517575818
GATGAAGTCCTTATGGG,0.0010446284111470167
ACCGCGGAAACGAATCC,0.33842974409340393
CGAAGAGTGGAGTTACT,0.7134978129705657
ACAAGAAGACCAAAATC,0.507730204800594
AAAAGAAGAGAAAGCTC,0.31733734789476176
AAAAGGGAGGAGATTCT,0.9656461052604907
ATAGGCGAGGAGTTTTT,0.767445834764699
AGAGGCGTGGAGATTCT,0.6628297657121582
AAAGGCGGGGAGGTATT,0.7796611257961064
TACCCGCGCCATGAGTA,0.0004412698616785256
AAATGCAACTTGTAGGG,0.17709004009222645
GCCGGAGGGTTAAGCCC,0.6253788264640139
CTAAGCGTGGGGTTTCT,0.6575718436625116
GAAAGCGGGGGGATTTT,0.8754219892084062
ATAAGAGTGGGGGTACT,0.6552008989847063
CAAAGCGGGGGGATACT,0.8997473342013647
TTTGCTGGGGAATTGCT,0.6297513213964164
AAAAGGGAGGGGTTACT,0.9322765042271276
AGGAGCGTGGAGATACT,0.8564403904168603
GACATCCCACAAGACCT,0.03114446868262174
CGGAGAGTGGAGATACT,0.7899183456614887
TAGGGATTGACTAACTA,0.31123438197683345
ACAAGAAGAAAATTACC,0.49952538633577964
GAAGGCGAGGAGATTTT,0.8599410953766053
ATAAGCGAGGGGTTTCT,0.7805495705625147
CGGGGCGTGGGGTTTCT,0.5399957136157837
AACAGAAGAATAAGCCT,0.5568240440742235
CCTACGGGGACGTTTTC,0.5416935183134751
AAAAGAAGACCAACCCC,0.26915563949383114
ACCAGGGGGCCAATACC,0.6370949731477473
CGGGGCGGGGAGGTTCT,0.6393575554930953
CGAAGTGAGGAGATATT,0.9801597024092963
GGGAGCGAGGAGTTACT,0.7665635197680605
GTGGGCGGGGAGGTACT,0.6570304923797826
ATGGGCGAGGAGATACT,0.801898403332198
AATGGAGAGGGGATTCT,0.8878055632309105
CATGGTGTGGAGTTTTT,0.6467759657228671
CTAGGCGTGGGGGTACT,0.6807850615481846
CATAGCGAGGGGGTACT,0.9942777183774157
ACCTGTGAGGCCAAGTC,0.6266652919716769
GCAAGGAGACCAACCCC,0.8524536343815238
CGAAGAGAGGGGATACT,0.9616993925004728
AAAGGCGGGGAGGTTCT,0.7824379216369877
AGGGCAGGGAAGTTCCC,0.26552426360737796
CCCACGGGGGCCTAATC,0.6286672296780133
CTGAGCGGGGGGTTACT,0.8023756611968581
CATCGGTCGCGAGCGGG,0.01996663491964501
GAAAGAGACGGACGGAC,0.22353852797428495
CGTAGTGTGGAGGTTCT,0.7788122056281647
AATAGTGTGGGGTTTCT,0.6441151410939814
CGAAGAGAGGAGTTACT,0.7300110912430081
GAGACGCGCCACCTTAA,0.0291384262218177
GGGGGCGTGGAGATTTT,0.6738265585885601
CAGGGCGGGGAGGTATT,0.640984827292103
CGGAGCGAGGGGTTTCT,0.6489741145845151
AGTAGCGGGGGGATTCT,0.829669663545007
GCAGGGAGGTGAACCCC,0.7905644923665472
GAAAGTGAGGGGTTACT,0.8621304894237165
GAAGGCGGGGAGATATT,0.772578575795741
CAACCGCTGAACTCGCA,0.0
AGAGGTGTGGAGGTACT,0.7503824489951704
CTAGGCGTGGGGTTACT,0.6318921855807229
CAGAGTGGGGGGGTTCT,0.8049071815033784
CTTAGAGTGGAGATTTT,0.8294805753105218
GGAGGCGGGGAGATACT,0.8368979199874118
GAAAGCGTGGGGATTTT,0.6265323193205943
CAGGGTGAGGAGATTCT,0.7103929237925384
GAGAGCGGGGAGATACT,0.8299790269797918
CAGGGCGAGGAGATATT,0.6045557660713866
GCCGACACCCTGGTGAA,0.016308215777972004
CAAAGAGAGGGGGTACT,0.9930944311455844
AACGGAAGAACATGCCC,0.5005431718277586
GCCCACTGGAACTGACG,0.20814430794194827
ACCAGAAGAAAATGCTC,0.09481483073688943
CAGAGTGTGGAGATTCT,0.648144620428555
CTAGGCGTGGAGTTATT,0.6674697321897509
GAGAGCGTGGGGGTACT,0.7033780024586893
AAAGGCGTGGAGTTTCT,0.6194830915329536
GAAAGAGTGGAGGTACT,0.8016252008767675
ACCAGGGGGGGCATCCT,0.5138341071027586
CAGAGCGGGGAGGTATT,0.6222653151776442
CGAAGCGGGGAGTTATT,0.7751305088729799
CGCGAAGAAGACTACCC,0.42436580197397766
GACGGGGGAACATACCC,0.7027615689739851
GATAGCGAGGGGGTTTT,0.8833410520747922
CATCCGTCCGGGAATAC,0.02583211881147196
GTAACACAAGCGCCAAC,0.016673975097565217
ATGAGCGAGGAGATTTT,0.8872310748546497
ATGGGCGAGGGGTTTCT,0.6513074949548676
GCCAGAAGAAAAAGCCC,0.26351711827677077
AATAGAGTGGGGATATT,0.7013362007348717
GAAAGTGTGGAGTTTTT,0.6327685672633133
GAAAGCGGGGGGATATT,0.8720398290404798
GACAGAAGATGAAGACC,0.5858466796745877
CAGAGAGTGGGGATACT,0.7517703581510914
AAAACGGTCGAAGACGG,0.007719071544734102
AAGGGAGGGGGGATACT,0.8885844254314007
CAAGGCGGGGAGTTTTT,0.7357598315762799
CCCAGCAGCAACACAGT,0.010899907835033393
GTGGTGAGGGCGACAAA,0.5371103487099724
CATGGCGTGGAGGTTTT,0.8584504656156221
GAAAGCGTGGGGTTTCT,0.63061002328764
GTAAGCGAGGAGATATT,0.8737125293686879
AACAGAGGACAAACCCC,0.7046528282511713
CTGGGCGGGGAGTTATT,0.5820630749959264
ATGAGCGTGGGGTTTTT,0.6372989453342359
CCCACTGGGGCCAAACC,0.23760616573008214
GAGAGTGTGGGGATATT,0.6419358152565243
AAGAGCGTGGGGATTCT,0.6358772677221768
AATGGTGTGGAGATTTT,0.5891660357104431
ACCGGAGGACCAACCTC,0.6741081981780754
GCAAGTACCGAGTCCAC,0.06794980733177948
CATAGTGTGGGGATACT,0.6822892678174898
ATCGCTGAGGAATTCTC,0.0
ATTGCGACCGACGTCGA,0.011713397753471428
GTGAGCGAGGGGTTACT,0.7734309369005296
ATAAGCGTGGGGGTTTT,0.7159641813897156
ATTTATGAGGCGTAGTC,0.0004823335407368542
AATAGCGGGGAGGTTTT,0.9138206864956875
ATTAGCGAGGGGATACT,0.9006398929399289
GAGAGCGTGGAGTTTCT,0.6317379818624604
GTGGGCGTGGGGATACT,0.6173754755431226
CGACCCCCGTCCCAAAA,0.007101911474067452
ACCAGGAGGCAAACACC,0.7158282944155236
AAGAGCGTGGAGGTTCT,0.7951267871145409
CGCGAAGAGAAAATCCC,0.5388972509209659
GTAAGCGTGGAGTTACT,0.6590058587692967
ACCGGGGGACCAACCCT,0.6242307203649996
CAAAGCGAGGGGTTATT,0.8747490637155326
CAGGGTGTGGAGGTTCT,0.6839716559670346
GCCGGAAGACCAACCCC,0.40224766559121616
CAAAGAGGGGGGATACT,0.9905640009843171
CAAGGAGTGGAGTTTCT,0.8198032005291603
CCAAACTGCGAAGTCCA,0.01937063697277567
CGTAGAGAGGAGATATT,0.9143865625636912
AAAAGCGGGGGGATATT,0.8919535002949252
ATAGTTCGCGCGGAAAC,0.007193420925701554
ATGAGCGGGGAGATTCT,0.8005535069795688
ATAAGGGTGGAGATTCT,0.6911464109733897
GTGCTCGTGCTGCGGAC,0.001016425036344323
CTGGGCGGGGAGTTTTT,0.6156950360896805
GCCAGGAGGCCAATCCT,0.6769740948679178
CCAGCTGAAGGCTACCC,0.19020695585079544
CCCGCGGAGGGCTACAT,0.6542454136384109
TGGGCGGAGGGCTAACC,0.6258840638961155
CGTGGCGTGGGGGTATT,0.6612232260299344
GATAGAGTGGAGTTACT,0.6954461110524222
AAGTGACGCGAAGGCAA,0.20498360554240497
AGGGGCGAGGAGATACT,0.7884920560886428
CAGGGCGAGGAGTTTCT,0.575208239989511
CTGAGAGGGGAGTTTCT,0.8885183743695119
CTGGGCGAGGGGTTTCT,0.2646466116777127
AATAGAGAGGAGGTACT,0.9875575747596579
GCGCCACCCGCAGCCCC,0.0020218497124559905
TTAACGGGAGCGTTTCC,0.6542869580846371
ATTGGCGAGGAGATTCT,0.8043887280683883
GATGGAGTGGAGTTACT,0.7330551917085054
CGTAGCGTGGAGTTACT,0.5121589798606783
GTCCAAGCAGTGGCGGA,0.003159221662810237
AATAGCGGGGAGGTATT,0.8589509055750317
ACCGGGACGTCGATACG,0.030329860429804165
AGTAGTGGGGAGATACT,0.8335819047837932
CTAAGTGTGGAGGTTCT,0.8203265117306561
CTGAGCGAGGAGATTTT,0.8874150118081421
AGGGGCGAGGGGATTCT,0.6921952170871261
CTAGGCGGGGAGATTTT,0.8097059269284331
AACACCCTTCGCCCGCA,0.00046773391117470303
GTAGGAAGGCCATTCCC,0.5787570210073544
ACAGGAGGACGAACATC,0.7522741507512287
CTGAGCGTGGGGTTTCT,0.6620683430071669
GGTGGCGAGGGGGTACT,0.5900509618490745
CACACGGTACCATGCAT,0.40627102840991397
CGTGGTGGGGAGGTTCT,0.6200881211539699
GGCGGTAAGACCGCGAA,0.013977255101045968
AGAAGAGTGGAGTTTTT,0.7089134587622226
CTTAGCGTGGGGGTACT,0.7183064202325317
CAAAGAGGGGAGTTATT,0.9822062367707739
AATAGGGGGGAGGTACT,0.37851993855172616
ACAGGGGGGGAAACCCT,0.7211407005955736
ATTAGCGTGGAGTTTCT,0.5169856449569443
GTAGGCGGGGGGTTACT,0.7296239287122926
GTGAGTGTGGAGATACT,0.7019873576301241
GTTAGCGTGGAGGTACT,0.8010813500773188
ACCAGAAGGCAATGCCC,0.3995293538264913
CAGGGCGGGGAGGTACT,0.6721831095245324
GTAAGCGTGGAGTTTCT,0.6358635774713173
GTTAGAGAGGGGATTCT,0.8792631402273223
AAGTAACGCGCACCGCC,0.027700154418806043
GACCGTTTACACGGTAG,0.0
AGTAGGGTGGAGTTACT,0.6357921360944702
CGCACGGGAGGCATATT,0.828908059922643
ATTAGTGAGGAGTTTTT,0.5657059341939714
AAGCCAGCCAATGCAGC,0.010977997516786011
ATTGGTGGGGAGATTTT,0.689308854378025
TGAGACACATCCTTAGC,0.12816783141671786
AAAAGAGAGGGGTTACT,0.9117487633747072
TTGGCGGGAGGCATACC,0.706783397189186
AAGAGCGAGGAGATTTT,0.8174606899688637
AAGAGCGGGGAGGTACT,0.8620091257320044
AAGAGAGAGGAGTTTCT,0.8783071810240954
ACCGCACCGGGATGACA,0.022313487214016565
GAAAGTGTGGAGATATT,0.6241144135832252
ATAAGAGAGGAGTTATT,0.8624025466424329
AACCAGCCCTGACAAAG,0.0181362445089095
CGAGGCGAGGAGATTTT,0.8787715245512422
AAAAGTGAGGAGATTCT,0.9643833947117398
CTGGGCGTGGGGATACT,0.5605266513881898
AAGAGCGTGGAGTTTTT,0.5459587915412669
GGCCATGTATCAGCGAA,0.0106520527368197
AAGTGCGCGGCGTAAGT,0.19095688346308012
ATCAACAGCACCGCAGA,0.0011381500822117599
GGGGGCGAGGGGATACT,0.6987716625900329
TAATCTGGGGCCAATCC,0.3395333398179185
AACCGCTACTTCGTAGC,0.00036646209823203326
AATGGTGAGGGGGTACT,0.8270560006157179
AAGAGAGAGGAGATTCT,0.9637298848682312
AAGAGTGGGGAGTTACT,0.7886971321900943
ACCGGAGGGCCAATCCC,0.6793347558884894
AGCGGGAGATCAACCCC,0.6463920172336601
CTGAGAGTGGAGTTTTT,0.7327899069148148
GAAGGTGTGGGGATACT,0.6426446773532662
CTGAGAGTGGAGATTTT,0.8216908524975266
GTAAGTGTGGAGTTACT,0.6123454276497918
AAAGGAGAGGGGATACT,0.9202129890781152
AGAAGAAGAACAAACCC,0.49762130747812705
TGCAATGAAAAGAAATC,0.15155244356504116
AATAGAGGGGAGTTACT,0.9661957410345015
AATGGTGAGGAGATACT,0.8745239931070501
ATAGAGCATTGCGAAAC,0.048438531211290915
CTAAGTGAGGAGATACT,0.9781771531360809
CTAGGCGAGGAGTTACT,0.7171364017996424
GTAGGCGTGGAGATACT,0.6657123635925395
TGAGCTGGGGCGAAATT,0.4180066791160245
CTAAGAGAGGAGATATT,0.9953880305155696
GCCGGAAGGAAAAGCTT,0.6186982153220807
CTGGGAGTGGAGGTTTT,0.7283463657408634
AACGCCAGCCGGCCAAC,0.0
ATTGGCGGGGAGTTACT,0.7355197108697266
ACGAGAAGGCCAACACC,0.5390007879426368
CAGAGCGTGGAGGTTTT,0.6204539163709372
GATGGTGAGGAGTTACT,0.769417141862872
GCTAGGAGACGAACACC,0.631326930584322
AACGGGAGGCCATACCC,0.8790524741750245
ATGAGCGAGGGGGTACT,0.9109897423153881
AAAAGTGGGGGGATACT,0.8954980751930116
AGAGGTGAGGAGATACT,0.9577308737969595
ATAAGCGAGGGGTTATT,0.8456565581985025
GATAGCGTGGGGTTACT,0.6292291027423996
ACAAGAAGACAAATATC,0.5390463225556696
ATCAGGGGGGCATGACT,0.6767566410916902
GAAAGAGTGGAGATATT,0.7744471178625076
GTGAGCGTGGGGGTACT,0.7016700316499824
AATAGAGGGGAGATACT,0.9633495132538384
CGAGGGGGGGAGGTACT,0.8404494713551913
TGAACTGGGAGCTAGCT,0.18813357983255458
AAGAGAGTGGAGTTACT,0.7064221361103854
ACGGCGGAAACGAACTC,0.3761112528767926
GATGGAGTGGAGATTCT,0.7360199051394558
CGAAGCGTGGAGGTTTT,0.8043941212145201
CTAAGAGAGGAGATTCT,0.8969816656828681
GTTAGCGTGGAGTTACT,0.6423475942245784
CAATTCTTCACCGGCGG,0.00145299204521248
GCATCCACAACACCGCA,0.0010200074613444788
CATAGCGAGGAGTTATT,0.9776521326789744
GTTGGCGGGGGGATTTT,0.7062657386055543
ATTGGCGAGGAGATTTT,0.8426614993458873
CAGACGCCCCGCTCGTT,0.0008838579363447013
CCGGTAGTGCATGGACA,0.012200999611637398
GCAAACGAAACCAGGCG,0.0067468346839208515
GCCAGAAGAACAAGACC,0.346686622762933
AGCGGAAGACGATGCCC,0.2898136585874097
AGCTAAGAAGCCATACC,0.2642585230901866
CAGGGCGGGGGGATTTT,0.6466450261227134
CGAAGCGAGGAGGTATT,0.9543548286134829
GAAGGAGAGGGGGTACT,0.5570586890864486
GAGGGGGGAGTAACCTC,0.689039147252599
GGTGGCGGGGAGTTACT,0.6308599144881775
ATAGGCGAGGAGATACT,0.8757212060374414
GGAAGAAGACCAACCCC,0.4530027746284974
ACCGGAAGGACATACCC,0.604165177783218
ACCAGAAGAAGAAGCCC,0.36086356901221095
CAAGGCGAGGAGGTTCT,0.9098112540429344
GACAGAAGACTAACACC,0.2013356957350154
GTAAGCGGGGGGTTACT,0.8130408825528792
GCGTACCACGTCAACGC,0.008047483768837392
AGTAGAGTGGGGTTACT,0.7203732023184493
GCCAACGGCGAAACATT,0.1508856921480789
CGATCAAGCCGACACAA,0.0006359838941307112
AATAGAGGGGAGTTATT,0.9587655016605393
GTGGGCGAGGAGGTACT,0.6583679492309013
AATACAACCCGCGTTTG,0.0023342769987544664
AGGGGCGTGGAGATATT,0.6742494128412342
AAAAGGGTGGGGTTACT,0.6733747118961635
CAAAGGGAGGAGGTACT,0.9656274158749025
CTGAGCTACGAACCGAA,0.12505102318274286
AGTAGCGTGGAGTTATT,0.6626039617655552
CAGAGGGTGGGGATTTT,0.6572059420306562
CTGGGTGTGGAGATACT,0.6541478028424366
ACAAGAAGGCGAAACCC,0.6324739136613696
CTAAGTGTGGGGTTTTT,0.6696222720645364
ATGAGTGAGGAGTTTTT,0.9007874189916689
AGAAGAAGACGATCCTC,0.26602674030613765
CAGGGCGGGGAGGTTTT,0.645696105679549
CGAAGTGTGGAGATACT,0.6966952961408385
CGAAGTGTGGAGATATT,0.7115176694554624
GTAAGAAGACAAACCCC,0.3014460463123098
TCGCCAGCACAGTCTCC,0.006047770765896174
GCCAGAGGAACAAACCC,0.5664224975256449
AAAAGTGTGGGGGTATT,0.6723460502408908
CATGGTGGGGAGATTCT,0.6359810318386577
GATGGCGGGGGGATACT,0.7560408763498224
CTGAGCGTGGGGATATT,0.6889306644188357
ATAGGAAGGCCAACCCC,0.6073846924504769
AACGCACACCACACACA,0.01846421552065688
ATAGGCGGGGAGTTACT,0.6964309757454814
ATGTTAACAACTGGCAA,0.07387671670661738
CAAAGTGTGGAGGTACT,0.8808726273280404
CATGGCGTGGGGTTATT,0.6185248410989833
AGGGGCGAGGGGATACT,0.737577803558479
CGTGGAGTGGAGGTTCT,0.6701957025495724
GGGGGCGAGGAGATTCT,0.6864068856849717
GGAGGCGGGGAGGTACT,0.7461270100571717
AAGATTTGTCCAATACT,0.2705183746859516
ATGGGAAGGCCAATCCC,0.1838566651147996
CAGAGAGTGGAGATACT,0.8432846145751631
GATAGCGTGGAGATTTT,0.6449896151480767
GAAAGAGTGGAGGTTCT,0.8761254108864657
CGAAAAGAAGCGAACAC,0.39915034725929316
CGGGGCGAGGGGGTACT,0.6491659061641554
GACAGAAGACTAAAACC,0.475965691282032
ATTAGCGAGGAGTTATT,0.9169181950863161
GAGGGCGAGGAGGTTCT,0.7159691421461933
CAGTAAACCGCAAGCGA,0.00804659484976494
ACTTCAGAAACGTTGAC,0.009996933286851011
CAAGTGCAGCCGCCGCA,0.007698044132177657
GATAGTGTGGAGGTTTT,0.82598538706497
CTAAGCGAGGGGTTTTT,0.8316797446739107
AATCCGAAAGGCGATCC,0.3225257811898742
ACTAGAAGACAAACATC,0.4359797639397192
CAAGGAGTGGGGTTACT,0.6374445094029806
GAGGGCGGGGGGTTTCT,0.6339449716310878
TATGCTGGGGCCTTCTT,0.2738587715927802
AAAGGAAGAACATCCTC,0.49014298346402374
ACCAGAAGAATAACATC,0.06083565005038637
GGAGGCGTGGAGTTACT,0.7922974809931405
AACAAAGGAACATTGAC,0.6528377834177093
AAGGGCGGGGAGATACT,0.707640430511496
GGAGGCGGGGAGTTTTT,0.7565573734361808
GCGAGAAGGACATCACC,0.5852231998803852
AGCAGAATACGCATCGG,0.00035890518199631214
CTAGGCGAGGGGATTTT,0.8151305589072538
AAAGGGGTGGGGATTCT,0.5948577030046558
AATGGAGAGGGGTTTTT,0.8573701252410272
ATATCGCCGTAAGCTGA,0.03483850852071764
AACCCGCCAGCCGCCGT,0.0006837146059477599
AGAGGCGGGGGGTTATT,0.7350592081570525
AGGCCTACAATTCCCGG,0.01784622797575384
CAAGGCGGGGAGATATT,0.8472083034123282
GCCAGAGGGCCATAACC,0.45043504503770865
AAGGGCGTGGAGGTATT,0.6664681448134098
CTAAGGGAGGGGATACT,0.7242101956061379
ATAAGAGAGGAGTTTCT,0.8734007951757053
CATAGCGGGGAGTTTTT,0.8623447013940346
AAGGGCGAGGAGGTTCT,0.6468283710428716
ACCGCGCCCGCCCTTAT,0.007016655654229227
ACAGGGAGGCCATACCC,0.8486766252667852
AGAAGAGTGGAGATATT,0.8026600474337233
CGAAGCGAGGAGTTATT,0.8979160824158384
CGCACGGAGGCATACCC,0.6280392085453232
GCCAGGGGGCCAAAACC,0.6369679298247903
GGTGGTGAGGAGATTCT,0.6366863014357749
CTAAGAGTGGAGGTTTT,0.8674729022460984
CAATACGACCCCGACGA,0.0006538939395285902
ATCAGAAGAACAACCTT,0.13533659550710922
GTAAGTGTGGAGTTATT,0.6500936321956584
TCAACGATAACCGTCGC,0.031797830580294464
GTAAGAGAGGAGTTACT,0.9439113349969277
CAGAGCGGGGAGATTTT,0.6752385147556119
AAAAGAAGAATAACACC,0.010300964713906758
AGTAGCGAGGAGATTCT,0.9012298100167034
GGAATAACAAAGTGCCC,0.23887822389399546
AAAGGAAGAAAAAAACC,0.6507304277381768
ATCGCAGAAAACTTCAC,0.12433656831674703
CATAGGGTGGAGTTACT,0.6896568565334179
GAAAACCCAACATCGGA,0.0
GCAAGAAGATGAATACT,0.5267753492286121
AAACCGCCCATGACACC,0.06409392843668815
AACATTACTCGATCGAC,0.0009091246719308087
AAGGGCGGGGGGATACT,0.688818884023415
ATAAGAGAGGGGATACT,0.9489333241836423
ACTCGGTACGCATCGCT,0.007039728340269282
AGAAGCGAGGAGTTTTT,0.8898466230326698
ATAAGCGGGGGGATTTT,0.8650611590490261
AAAAGTGGGGAGATACT,0.9249405808639676
CTGAGAGTGGAGATATT,0.7942662630000702
ATTAGAGTGGAGTTATT,0.6979310346403492
AGAGGCGGGGGGTTACT,0.6748457109018224
CATAGCGAGGGGTTTCT,0.8924191564454783
ACCGGAAGGACAAAACC,0.61626664145147
CAAGGCGAGGAGTTTTT,0.7678304330976053
CATAGCGAGGAGGTTCT,0.966531155655243
CTAAGCGAGGAGATTTT,0.957163076471571
CATAGTGAGGAGTTACT,0.9753272426221706
CCAACTGAAGCGTTCCC,0.06625424526955961
GGAGGCGGGGAGATTCT,0.7742767369046759
AGCTCAGAAACATAGCC,0.05139864253330653
CAAGGAGAGGAGGTACT,0.9408635871021441
ACCGCAAAACCTCCACT,0.051664093857082045
CAAGGCGAGGAGATTCT,0.8626337775929763
CGATCAGAAGGCTTGAC,0.1730879366747615
GATGGCGAGGAGATACT,0.8256727284740604
AAAGGAGTGGGGTTACT,0.6445867357074017
AACAGAAGACCAAAATC,0.5331306997862483
AAGGGCGGGGAGGTACT,0.6859894192587663
GATGGCGGGGAGGTACT,0.7389106641423336
GGCATTAAGCCAGGAAG,0.013578182244969953
ATTAGTGTGGAGGTACT,0.8214062611104731
AAGCGGCCAAATCGGAC,0.05220825975895136
CGAAGTGAGGAGATACT,0.9801702436608148
CTAAGCGGGGGGATACT,0.8743608068957089
GAAAGCGGGGAGATACT,0.848819936018406
GCCGGAAGAGCATGCTT,0.06929852595417607
GAAAGCGGGGGGGTACT,0.8359559489555319
TTTGGTGAGGCGAAGCT,0.6257452272907469
ACCGGAAGGTGAAACCC,0.5857051037367128
CGTAGCGAGGGGGTACT,0.9146197237623427
CAAAGCGTGGAGGTATT,0.8621287366067689
CTAGGTGTGGGGTTTCT,0.6473647058420708
CTGGGTGAGGAGGTACT,0.7761095640689671
CTTAGGGTGGAGATACT,0.6859785067615415
GGAGGCGAGGAGTTTCT,0.7902252506514547
AAGAGCGGGGGGATACT,0.8407726227212617
CGGGGCGTGGGGGTACT,0.5813439791485621
TACGATCCACACAGTGC,0.018492325460287565
CAGAGCGGGGAGGTACT,0.6626264800292908
CGAGGAGAGGGGATACT,0.9301951143412968
GCAGGAAGGCTATAACC,0.5871276357523361
GTGAGGGTGGGGGTACT,0.6071090888395216
AATGGCGTGACCGTAAG,0.3435170927493468
CGAGGTGTGGAGATACT,0.7102611437228421
ATGAGTGTGGAGATTCT,0.6807069796328135
ATTGGCGTGGAGATTTT,0.7263451445266182
ATAAGCGTGGGGATATT,0.6362128028768436
TAGGAATGAGCCAAGCC,0.0
GATGGAGTGGAGTTTCT,0.7287090119792384
ATTAGCGTGGGGTTTCT,0.6775700780355963
CAGGGAGAGGGGGTACT,0.7543055007382615
GTTGGCGAGGGGATATT,0.7498318107582649
AAAAGAAGGCTAAACCC,0.5736472751701416
CTAAGCGGGGAGGTACT,0.881424402468443
ATAAGAAGACTAACATT,0.5134937995689086
ATGAGAGTGGAGGTACT,0.8400503846374987
GAGAGCGAGGAGTTTCT,0.7391699622616856
GCCAGAAGGGCAAACCT,0.46448957443566624
GCTGGGAGGTTAACCCC,0.6926224984655046
GTAGGCGTGGAGTTACT,0.6256676971195486
GAAAGAAGACAAAACTC,0.4239398929080427
AAGGGAGAGGAGGTACT,0.8358173911850492
ACCAGGGGACCATCCTC,0.45026794406187215
GCGGCAAAACAAGCCGT,0.0015318174857501996
CTAAGTGTGGAGTTTCT,0.6910811235419263
CTGAGTGGGGAGTTACT,0.6730372713593499
GAAGGCGAGGGGTTACT,0.7216017128487695
CAAAGTGGGGAGTTTTT,0.8384644209873201
CATAGCGTGGAGTTTCT,0.6657259894207738
AAGAGCGTGGAGTTTCT,0.6796316675913268
ATAAGTGAGGGGATATT,0.8966371300406609
GCCAGAAGGCCAAACCT,0.44267683093550503
AGAAGCGTGGGGTTACT,0.6586943509612264
ATGGGCGAGGGGATTCT,0.6959729491780247
GAAAGCGTGGAGTTTCT,0.6113231161457461
AAGAGCGAGGGGTTATT,0.7464876668195435
ATAGGTGGGGAGGTACT,0.6376593965585953
ATTAGCGGGGGGATACT,0.8609845408381466
CAAAGCGGGGGGGTATT,0.8865339653507197
ACCGGGAGAACAAACCC,0.7111143096710448
CGCCACCGAGAAACAGC,0.13446562880794116
AGAAGCGTGGGGATTCT,0.628056412501888
ATACGCCGACCTGTAAG,0.0694530852577269
GGAAGCGAGGGGATTCT,0.7255106585147912
AAAAGCGAGGGGTTATT,0.8319226733701208
AACGATCCGCGCGTTAG,0.004732418409288538
ACAGATCGATAGCCGCG,0.03393807850889774
GTAAGAGAGGGGTTACT,0.8926840694954858
ATGTTTCACTCGCCGTA,0.0008781247424559845
CAAAGTGTGGGGTTATT,0.6493531372049334
CGGAGGGTGGAGATACT,0.6655564232504979
AAAAGTGAGGGGTTTCT,0.8488364665538702
CGAGGCGTGGAGTTATT,0.6661308395791001
GAAGGCGAGGAGGTTCT,0.8723461481196906
ATGAGCGGGGAGTTTTT,0.7899349264605888
CGGAGCGTGGGGATATT,0.6597639617929185
GAACACACACCACGAGG,0.011524742731928066
GACGGGGGGAGAACCTC,0.0004983663165566613
AACTATGAGGCAATCCC,0.6417772792672213
CGGAGCGAGGAGGTTTT,0.6925399765109957
ATAAGTGGGGAGATACT,0.893654751794459
GCAAAACATTGGCGGGA,0.018581375680840794
AACGCTGGGGCCAACCC,0.019077865634474292
ACAAGGGGGCCAACCCC,0.5578376597573599
CAAGGAGTGGGGATTCT,0.7012715088980985
CATACTGGAGCGAAGCC,0.07870359816620383
CTTAGGGTGGAGTTACT,0.6817938350058704
TCGGAATACGACCCGAA,0.07145583303709394
CAAAGAGAGGGGTTACT,0.9736253142403388
CGGAGCGGGGAGGTACT,0.7614216216023271
CTTAGCGGGGAGTTATT,0.8325408403480861
AAGATTCGCTGCCCCAC,0.013761612269528382
CATGGCGGGGAGATTTT,0.7991928980979827
CTTAGCGGGGGGATACT,0.8813863247620297
AGTAGCGAGGGGGTATT,0.8704851313544684
GCCAGAAGACAATCCCC,0.22467383804262014
GGAAGAGTGGGGTTACT,0.6541695618187217
GGTGGAGAGGAGGTACT,0.629011709182477
ACCAGAAGAGCAAACCC,0.21413412731598108
ACGGGAGGGCCAACACC,0.6998957543022318
GTGAGGGTGGAGATACT,0.7498483948658493
ACTCCCGCCACCGTTGC,0.00036690549993607653
GAAAGCGTGGAGGTATT,0.8259457777803195
AAAAGAAGAGCATAACC,0.5031292276445064
GATAGCGTGGAGGTTCT,0.8013270357115797
ACCAGAAGGCCATCATC,0.5196898942480721
CACGCTGAGGGCTTGCC,0.03897200413888927
AAGAGGGAGAACAAGCC,0.857811974205042
AGAAGGCACACGGAGAG,0.3874580027910851
TCTACGGAGGCGAACAC,0.7159825708760506
ACCACGGAAAACTACCC,0.47228233768405264
ATTAGTGAGGAGATACT,0.9744595377440594
ATTAGAGAGGAGTTTCT,0.8597012657620181
AAAGGTGTGGAGTTTCT,0.6388099083231094
ACTAAATTACCACCCCA,0.018161803153270747
AGTAGCGAGGGGTTACT,0.7618378679450776
ATGAGAGAGGAGATACT,0.9953531011437797
CTTAGCGTGGAGTTTCT,0.6620412208471491
GCCAGAGGGGCAACCTC,0.3008006343072241
ACAAGAAGGCGAACCCC,0.6160747396702778
GGTAGCGAGGAGATACT,0.8281405566703685
TATTAGGAGCGAACCCC,0.7233442681190201
AAAAGTGGGGGGATTCT,0.8549965057409895
AGATGTGAAGCGAACAC,0.30897323777615215
GGCGGAGGATTATCCCC,0.7302803476398155
CCAGCGGGAGGAAAGCC,0.8811852512286983
GGTGGAGGGGAGATACT,0.7985653607619347
TCTGAACGCATGTGCAG,0.01435267715693814
AAAATAGCCCCAACAGC,0.030395331003418877
CTTAGCGAGGGGATTCT,0.8443238054070594
GAACCATCCGCCATGTA,0.000619362634955687
GATAGCGGGGGGATACT,0.883677979039667
ACGAGAAGACTAAACCC,0.5671798719536822
ATCACAAGCGTTGACGG,0.008878754439752551
CTAGGCGTGGAGTTTCT,0.6201854959885165
GTGAGCGAGGAGGTACT,0.9011635818926611
TATCAGAGGACAAGCTC,0.5997155138785071
ACGAGAAGACGAACATC,0.5156739730677918
AGAGGCGAGGGGTTACT,0.7449887459843691
CAGAGCGTGGGGTTTTT,0.4107580086066761
CAGAGGGTGGAGATATT,0.7470608269266494
GTAAGAAGATAATCACC,0.4699929643115376
AAAAGCGAGGGGGTATT,0.887820281034505
GAAAGTGAGGAGTTACT,0.9411780209420619
GACAGAAACTGACGGAC,0.12001587747753026
TTCGCGGGAAAGAACCC,0.12337630427711739
AACGGGAGGCAAATCCC,0.7075469511691425
AAAAGTGAGGGGTTACT,0.8451415030058921
CAGAGAGTGGGGATTCT,0.6845542349489243
CCGAAGGAAGCAAACCC,0.654049761195775
AATGATTCGGGCGGAGC,0.011316123094060831
AGACCGTCAAAGGGGCC,0.06632603368567974
GGAAGCGAGGGGGTTCT,0.8387367291766686
AGAGGCGTGGAGATACT,0.7193063379005226
ATTAGAGAGGAGATACT,0.9958057067743632
CATCAGCACGAACACGA,0.01832086245373318
GAAAGCGAGGGGATTTT,0.8404466545464828
GTAAGAGTGGAGGTACT,0.8689267679155523
ATAGGCGTGGAGGTACT,0.7777231391922746
GGAAGCGAGGAGATACT,0.9452705032202016
GTCTAATTAGAAGGCGC,0.1340992323627736
AAAGGCGAGGGGTTTCT,0.685585451341211
AACAGAAGGCTAATCCC,0.6140922269981418
ACCAGAAGACCATACCC,0.271910019307628
AGAACAGAAAGATACTC,0.327144895101708
AGCAGGGGACGAACCCC,0.04715840449930467
ATAAGAAGACGAATCCC,0.2127287769981327
CTTAGCGAGGAGTTTTT,0.7029285427690168
GAAAGCGTGGGGGTACT,0.6890188762021151
CTTGGTGGGGAGATTCT,0.650319158746568
GGAGGCGTGGAGGTACT,0.7386750360142478
GGCCCACACGTCAGTTA,0.002190942660809591
CTAAGCGGGGGGATTCT,0.8263801232685608
ACCAGGAGAGGAACATC,0.7858017277161
CGTAGCGAGGAGTTATT,0.9043372578396701
TTGACGCATGCGCAGAC,0.00038282283270107243
CGAAGCGAGGGGATATT,0.8646705645770592
AATAGCGGGGGGTTTCT,0.5711695411395521
ATTAGTGTGGGGGTTTT,0.7477009999228649
CAAAGCGGGGAGGTACT,0.894478791947088
GTTGGCGAGGGGTTTTT,0.6998266458468482
ACCAGGGGGTCAACACC,0.633712774867263
AGGGAAGGGATGTGCGG,0.5940104241477431
AGGGGAGTGGGGGTACT,0.6748626410049273
CACACTGGGACGTTCCC,0.132124960737397
GCCAGAGGGCCATCATT,0.44412030274646297
AAAGGCGGGGGGGTTTT,0.7625756931568749
ACTAGCCCGCGTTACTA,0.0014676115115860638
AGAGGCGGGGAGATATT,0.8307853015119502
CTGGGTGTGGAGATTCT,0.6596087818596086
GAAATTCCAGCGACGAC,0.003942652060407448
AAGGGTGGGGAGGTACT,0.6097538091791529
ACAAGAAGACGAACACC,0.36996826216042267
AGCAGGAGGCTATCCTT,0.727934179901104
AGTAGCGAGGAGGTACT,0.9405455024408061
CAGGGCGAGGAGGTTCT,0.6426360552490148
TAAATTGGGGGCTTACC,0.6809713678016668
AAGAGTGTGGAGATTTT,0.7062413606280787
AATGGCGAGGAGTTATT,0.8043058195636124
ACCCACAGGCTCAGCGT,0.005798364356621104
AAGGGTGTGGGGATACT,0.6548809732394698
GAAAGAAGACCAAAACC,0.3352369053704791
AACAGAAGACTAACCCC,0.3824742328517875
CAATGGTGAGATGCAAT,0.5743499949652769
GCAAGAAGACGAACCCC,0.4659931580195291
GTGAGGGGGGTAACATC,0.721703440255871
ACTAGGAGAGCAAACTC,0.8536901363360518
CAAGGCGGGGGGTTTTT,0.8220609830839293
CATTTTAATGATGGGGC,0.03635298642313399
GCCCAGACGAGTACAAC,0.006760240853346755
GTTAGCGTGGAGTTTCT,0.6175391764092157
ACTGCGGGAGCAAAGCC,0.6077749293781933
CAAAGTGAGGAGATTCT,0.9839511193588216
CGGGGTGAGGGGGTTCT,0.6477215479997499
CTGAGTGTGGAGGTACT,0.811837875433146
CAGACAGCCGGACAAAT,0.01881861484530131
ACCGCTAAAGCACGTGG,0.0008592876279847223
ATGCAAGAGACACACGA,0.5663432760387264
CTAAGCGGGGGGATATT,0.8791462721125379
ACCAGAAGATTAAACTC,0.12957609026944367
AGGAGCGGGGAGATTTT,0.8332485402180896
AAACTGCGCCAGCAAGT,0.013659365734671374
AATGGCGAGGGGATACT,0.8226238859614572
ACCAGGGAAACAAAGAC,0.5586436131370933
CATGGCGTGGGGATTTT,0.6209343696263697
GATAGCGTGGAGTTTCT,0.6277194209739005
CAAGATCGCATCAAGCC,0.012468303840661967
CATGGAGTGGAGTTACT,0.7983067007475266
GGAGGCGGGGAGTTATT,0.7869203276424622
GAAGCGGTACGAAACCA,0.1520254109768166
AGCGCATCCGCGAGAGA,0.0009387129297394274
CAATCAGAAACGTAAAC,0.07333971717526779
CTGAGCGGGGGGATTTT,0.8437286560739131
GCAAGAAGACCAAAATC,0.4295767228655794
AAAGGAGAGGAGTTTCT,0.9024432512931547
AATGGCGTGGAGATTCT,0.6733842887249856
ACATGATTCGCCTTTAG,0.02377658932215639
TATAGCGACGCCAGGAT,0.10418706005060985
GAGTGCAAACCACGTGC,0.03959507941790921
AAAAGAGAGGGGATATT,0.9609929003004214
AGAAGTGGGGAGGTACT,0.8673489349343043
AATAGAAGGCAATGCCC,0.5724355979815636
GCAGAGCGACGAGACGA,0.047025721924832675
CAGAGCGGGGGGTTTTT,0.6322984408156204
GGGAGCGTGGGGGTACT,0.6873300712704473
GTAAGCGAGGAGATTCT,0.9017424879544441
AAATGTGAAGCCATGAC,0.21229695153076317
AACTGCAAGATTCCCGG,0.00856647161242004
GGAAGCGGGGAGTTTCT,0.6940160495508825
CACTCACGCCACTCAAA,0.024897352872501402
ACATGTATACCACCCGT,0.5774755410838023
CTAGGCGTGGAGGTTCT,0.7328357646861454
GTAACCCAGTGGGCATC,0.05521536711089525
ACCAGAAGAACATGCCC,0.404223786304154
CTTTCAGGAAAATTTCC,0.48869549091657954
ACCGGAAGGCAAACCCC,0.5473863523873325
ATTAGAGAGGAGTTACT,0.9383455988028536
AAAAAAGGGGGCTTCCC,0.7774821141064296
AAAAGGGTGGGGATATT,0.6826333716511964
CAGTGCCACCTCGCTGT,0.001769691100599534
CTGACAGAGAACTTTAC,0.553140311977071
GCGAGAGGACCATAACC,0.715091883053764
GTTAAATGACCGGAGGG,0.0011863795629841296
AAGAGAGAGGAGATACT,0.9840294712332992
GAGAGTGGGGAGTTACT,0.7483314226884726
TATACTAAGTGCAGGCG,0.0519504170529025
ATAAGTGTGGGGGTTCT,0.6836178442059526
ATAGGAGTGGGGATACT,0.8591857392262293
CCCATGATCGAAAGCGA,0.13661487773467937
GCGAGAAGGGCAACCTC,0.5796437743591351
AAGATCGCAGCTGTTTC,0.013742085376070419
CATGGCGAGGAGTTTCT,0.7008050895313329
AAGGGTGAGGAGATACT,0.8664915775018929
CATGGCGGGGGGGTACT,0.7469971756277578
GAAGGCGAGGGGATACT,0.7945678016204736
GCTAGAGGGACAACCTC,0.5540295894545088
AACAGAAGAAAAATCTC,0.47581985393807436
AAGGCAGGGGCGAAGAC,0.48765079171873993
GCTGGGAGGCCATACCC,0.6867596971285562
GTTAGCGTGGGGGTACT,0.7086720582079635
AATAGCGAGGGGATACT,0.9004157549761831
ATAAACGCCAACTTCCC,0.05964999967398059
ATTAGCGTGGAGTTATT,0.6758720065722791
ATTAGCGTGGGGATTTT,0.6408478775540625
CTGGGTGGGGAGATACT,0.6881953566552456
AAGAGCGAGGGGTTACT,0.7626522965731527
GATGGAGAGGGGTTACT,0.8413446555449051
GCGCTTCGACGCTCACA,0.0017680558097644453
AAAAGAAGAAAAAGACT,0.5617464511499406
AAAAGAAGGCCATAACC,0.6021353393097546
ATTAGAGTGGAGATACT,0.8186867809191563
CGTGGAGTGGAGTTTCT,0.7144031341840561
CGTGGCGGGGAGGTACT,0.7862800300928676
ACCAACGTACGCCAAAG,0.05014283860502378
ATATAAGAAACCTTGCC,0.24880852072071077
AACAGAGGAGCAACACC,0.6625115198277886
CTGAGCGAGGAGATATT,0.8969021725125981
CTTGGTGAGGAGTTACT,0.7204500526379589
AAAAGGGGGGAGATTCT,0.9080830678681625
AGAAGCGAGGAGATTTT,0.9599213173601112
ATGAGAGTGGAGATATT,0.8216142177877407
CGCACGGGAGCGAAAAT,0.6527035626107435
GTGGGTGTGGGGATACT,0.5999163947360295
AACGGGAGAACATCCTC,0.6388387478576567
AGTGGCGGGGGGGTATT,0.7248551441984852
ACAAGAAGGCAATCCCC,0.6163830369467509
ACCAGGAGATCAATATC,0.7011938043382707
GTAAGAGAGGAGATACT,0.9928879179502094
AGGGGCGGGGAGTTACT,0.6759084961584908
ATAAGAGAGGGGTTTCT,0.8791700678930153
ATGAGCGTGGAGTTTCT,0.6670434672402803
CGCAGGGGGACGAACAC,0.7398993587414345
GACTTATTCACCTGCGC,0.009597076920440012
