,id,seq,len,type,avg,avg_norm_med,avg_norm_max,ab_bel_quintile,target
0,zika_0,tgttacaggtttttggctgcgggtcgttct,30,zika,341695.25,51.34992674,0.88061871,1,0.88061871
1,zika_1,cggggttattagttgcttttctgttcggcg,30,zika,264914.0,39.81124845,0.682737688,1,0.682737688
2,zika_2,cggcgcgttggtttgtaatttttcgggttc,30,zika,129871.25,19.51703798,0.334704836,1,0.334704836
3,zika_3,tggctatactttcccgttttggtggtggtt,30,zika,-45.0,-0.006762595,-0.000115974,0,-0.000115974
4,zika_4,ggggcttgtcttttttcctgaaccgtgttg,30,zika,25937.0,3.897809671,0.06684496599999999,0,0.06684496599999999
5,zika_5,gctggcgtgtatccctttttgtggttagct,30,zika,-170.5,-0.025622722,-0.00043941300000000004,0,-0.00043941300000000004
6,zika_6,gtggtggttgttctgatgcctatctctttc,30,zika,187.0,0.028102341,0.000481937,0,0.000481937
7,zika_7,agggttggttagtctttttcgctttgctcg,30,zika,322908.0,48.52658076,0.832200115,1,0.832200115
8,zika_8,atgttggcgtgtttggatgcttttgcatct,30,zika,358963.75,53.94503513,0.9251231740000001,1,0.9251231740000001
9,zika_9,tagtttgggctttcgtgcatgtcactgtgt,30,zika,320158.5,48.11338618,0.82511409,1,0.82511409
10,zika_10,tcaggttctcgagttgtcgttgcttggcat,30,zika,117307.5,17.62895894,0.302325477,0,0.302325477
11,zika_11,attattgccgcagtgttgttttcgcgactg,30,zika,14979.75,2.251155277,0.038605887,0,0.038605887
12,zika_12,cttcgttttggggcattaggctcgctttat,30,zika,207140.5,31.12905286,0.533843534,1,0.533843534
13,zika_13,gactgtgttcatttgcgcaccgtttgtctt,30,zika,-202.5,-0.030431679,-0.000521884,0,-0.000521884
14,zika_14,tctcttcgggttttccgggttttatcatac,30,zika,11814.25,1.775444265,0.030447744,0,0.030447744
15,zika_15,gctcgtgtttcctatacttttggtccgtca,30,zika,10918.0,1.640755908,0.028137923999999998,0,0.028137923999999998
16,zika_16,atgatcctgtttcttatcccgattctggct,30,zika,2476.5,0.372168163,0.006382448000000001,0,0.006382448000000001
17,zika_17,tccataagtctgggcgctttcttctatatc,30,zika,266040.75,39.98057632,0.685641553,1,0.685641553
18,zika_18,aattcatcctcggtctgttgctttcaatgc,30,zika,52842.0,7.941090281,0.13618466699999998,0,0.13618466699999998
19,zika_19,tgaggcttgaagttcttcctatttcctcct,30,zika,119479.25,17.9553293,0.307922521,0,0.307922521
20,zika_20,tttcccttgtcttcaggggatctttattac,30,zika,322131.0,48.40981328,0.830197627,1,0.830197627
21,zika_21,cttcctggctttttgtcgatacatagctct,30,zika,821.75,0.123492505,0.002117818,0,0.002117818
22,zika_22,tccatacgtcttttccatgtggtgctcatc,30,zika,3453.75,0.5190291920000001,0.008901022,0,0.008901022
23,zika_23,tgctacctagcttatgttcgccgtttcatc,30,zika,-8.75,-0.001314949,-2.26e-05,0,-2.26e-05
24,zika_24,ttcctccgagaccatttttgggcatgcttc,30,zika,9216.25,1.385017094,0.023752166,0,0.023752166
25,zika_25,aggccaaccgtcttgattttcactgctgct,30,zika,65185.75,9.796107751000001,0.167997041,0,0.167997041
26,zika_26,catgcaacctgcgcgttcctgacggttgat,30,zika,276385.25,41.53514671,0.712301451,1,0.712301451
27,zika_27,gccggcagattcttgatcctcttttgagca,30,zika,46485.5,6.98583612,0.119802663,0,0.119802663
28,zika_28,tggtatgatgaaatctcttcccttcgtcgc,30,zika,5183.5,0.778975843,0.013358942,0,0.013358942
29,zika_29,gtctattgctaattcgcggctttcgtccca,30,zika,125619.75,18.878123000000002,0.323747849,0,0.323747849
30,zika_30,tagtctttctacgctatggccttggtcctg,30,zika,232264.0,34.90460984,0.5985919439999999,1,0.5985919439999999
31,zika_31,tgtcttcctggacatcattgctggtcttgt,30,zika,15848.75,2.3817485069999997,0.040845478,0,0.040845478
32,zika_32,acgtagttgttctccgtttggtaattcggc,30,zika,11581.5,1.740466619,0.029847900000000004,0,0.029847900000000004
33,zika_33,attctcgttctcacctgttgtcgatgtggg,30,zika,4533.75,0.68133148,0.011684403000000001,0,0.011684403000000001
34,zika_34,ctttgtctcgttctcgggaaacttcgggct,30,zika,8731.0,1.312093775,0.022501577000000002,0,0.022501577000000002
35,zika_35,ggtacacttcgatcccggtttatccggttg,30,zika,4079.5,0.613066837,0.010513708,0,0.010513708
36,zika_36,cctatcgaggccttattcgaggcagttgct,30,zika,16102.0,2.41980689,0.041498155,0,0.041498155
37,zika_37,cgatatttcaagaccccttggtgtagctgg,30,zika,363880.25,54.68388624,0.9377940029999999,1,0.9377940029999999
38,zika_38,tcttatgggcacccattgaattctcaggag,30,zika,275409.75,41.38854867,0.709787387,1,0.709787387
39,zika_39,cgagtatcagacatcctattcgtggtccca,30,zika,260217.0,39.10538378,0.670632556,1,0.670632556
40,zika_40,attcctatgggtatcccgccactctgagat,30,zika,24895.75,3.7413307280000003,0.06416145200000001,0,0.06416145200000001
41,zika_41,agttctcctagagcactctttaactcaccg,30,zika,50938.0,7.654957358,0.131277669,0,0.131277669
42,zika_42,ttccgtaaaggattacattcccgcgatccc,30,zika,321915.25,48.37739039,0.829641595,1,0.829641595
43,zika_43,ccaagtccttcgcgaagctttcacgatcac,30,zika,52055.75,7.822932712,0.13415834,0,0.13415834
44,zika_44,atcctctcatagctggcctatcttaaaggc,30,zika,204339.0,30.70804373,0.526623494,1,0.526623494
45,zika_45,attccgaaccattgcctccatgcgctacta,30,zika,8037.0,1.207799527,0.020712997,0,0.020712997
46,zika_46,tcacgcctgatcgcaactaaccatctcctg,30,zika,5901.75,0.886914378,0.01521002,0,0.01521002
47,zika_47,gcccaccgccaatttgattcccgaatctct,30,zika,1146.75,0.17233347100000002,0.00295541,0,0.00295541
48,zika_48,ctctccccgtttagtctacaaaggccatcc,30,zika,3432.0,0.515760604,0.008844968,0,0.008844968
49,zika_49,ccatgaacgactcttcttcaggcctctaac,30,zika,108642.75,16.3268212,0.279994639,0,0.279994639
50,zika_50,cgatgaaccctttgttccgcccatatgtca,30,zika,6654.25,1.0,0.017149366,0,0.017149366
51,zika_51,cgctgttatgctatcgttatctgaccgcac,30,zika,-639.75,-0.096141564,-0.0016487670000000002,0,-0.0016487670000000002
52,zika_52,cctgcctgtacttgtcgcagacttactctc,30,zika,-841.75,-0.126498103,-0.002169362,0,-0.002169362
53,zika_53,cccgtggcttttgtgccgtcgtcaactcac,30,zika,2909.5,0.43723935799999997,0.007498378000000001,0,0.007498378000000001
54,zika_54,gatccctgagcgatctgcgtcgtctacttg,30,zika,2122.75,0.31900665,0.005470762,0,0.005470762
55,zika_55,gttaccggcttagaactgcctcccagggtt,30,zika,10493.25,1.5769245219999999,0.027043256,0,0.027043256
56,zika_56,acgatagctagcgtcggcgtgtgtcctcta,30,zika,104187.75,15.65732427,0.26851319100000004,0,0.26851319100000004
57,zika_57,gtgcgtgcggaggcccctcaattttcacca,30,zika,14.25,0.002141489,3.6700000000000004e-05,0,3.6700000000000004e-05
58,zika_58,gcatgactatccatgcgtcctgggcaccgt,30,zika,-290.75,-0.04369388,-0.000749322,0,-0.000749322
59,zika_59,tccgcgaaggagtctgacggcccgcctata,30,zika,-334.5,-0.050268625,-0.000862075,0,-0.000862075
60,zika_60,ccgggcatgagctgtagtaaccacgcggta,30,zika,6431.0,0.966450013,0.016574005,0,0.016574005
61,zika_61,aacgggccgtctgcagaatccgagactggc,30,zika,-161.5,-0.024270202999999997,-0.000416219,0,-0.000416219
62,zika_62,ggaccgtgcgacgccctaacgactgcgaat,30,zika,-551.75,-0.082916933,-0.001421973,0,-0.001421973
63,zika_63,tccggcgagcgtacagagtcgccatcgcag,30,zika,50621.25,7.607356201,0.130461339,0,0.130461339
64,zika_64,agcaggactaccaccgtgcaccggcgtctg,30,zika,876.75,0.131757899,0.002259564,0,0.002259564
65,zika_65,ccaaaggcaggctccggcgtagacccttcc,30,zika,-622.5,-0.093549235,-0.00160431,0,-0.00160431
66,zika_66,ctaggaatcgccccgcatctaggccaccag,30,zika,439.75,0.066085584,0.001133326,0,0.001133326
67,zika_67,aggcgcgacaacgatccgagcccttcctca,30,zika,4065.0,0.6108877779999999,0.010476338,0,0.010476338
68,zika_68,tcccatcgcctgttccgcaggagaaaccac,30,zika,-189.25,-0.02844047,-0.000487736,0,-0.000487736
69,zika_69,gtctcaaacccccgacgcagtaccctgaat,30,zika,-302.25,-0.045422099,-0.00077896,0,-0.00077896
70,zika_70,cctgccgacacaaacgaccactttcatccg,30,zika,172.5,0.025923282000000002,0.000444568,0,0.000444568
71,zika_71,ccactactactgaggcgtcaccatcccacc,30,zika,58537.75,8.797047000000001,0.150863782,0,0.150863782
72,zika_72,cctatcactctcggctagccacccccagaa,30,zika,68311.25,10.26580757,0.17605209600000002,0,0.17605209600000002
73,zika_73,acccccaatgctgatcccgaccgatcctac,30,zika,32960.25,4.953262952,0.08494532099999999,0,0.08494532099999999
74,zika_74,cggcctactcccacagcaccttgccatcaa,30,zika,62392.5,9.37633843,0.160798263,0,0.160798263
75,zika_75,cacgactggcctctaacctccgctacacct,30,zika,252436.5,37.93613104,0.6505806120000001,1,0.6505806120000001
76,zika_76,tcccgcgaacaaatctaggtccttctcccc,30,zika,2276.25,0.342074614,0.005866363,0,0.005866363
77,zika_77,tctggaatacacttccgtctacgccacctc,30,zika,66534.75,9.998835331,0.171473691,0,0.171473691
78,zika_78,tatatcgttccctcatcaacgcacccggcc,30,zika,290722.0,43.68967201,0.749250194,1,0.749250194
79,zika_79,tatgcccactctacaaccctccagggttcc,30,zika,388017.25,58.3111921,1.0,1,1.0
80,zika_80,gtctccgccttaacaccaacctccgctatc,30,zika,5181.25,0.778637713,0.013353143,0,0.013353143
81,zika_81,cccacgcccttgcgctcctctcttataaca,30,zika,51.25,0.007701845,0.000132082,0,0.000132082
82,zika_82,cccctctcatcctcatcttcacacaggtct,30,zika,-159.5,-0.023969643,-0.000411064,0,-0.000411064
83,zika_83,accactggcattttccccccatctctccct,30,zika,1916.5,0.288011421,0.004939213,0,0.004939213
84,zika_84,accactctcccagttcctctcacgtttccc,30,zika,510.25,0.076680317,0.001315019,0,0.001315019
85,zika_85,cttatctcaacgcccttccacctgcctcgt,30,zika,-383.0,-0.0575572,-0.00098707,0,-0.00098707
86,zika_86,ccagttcccttctactagacatcccctgcc,30,zika,-292.0,-0.04388173,-0.000752544,0,-0.000752544
87,zika_87,ccatccgagctcttcccccacatgtatctc,30,zika,-284.5,-0.04275463,-0.000733215,0,-0.000733215
88,zika_88,accactcatctccacagtcccgtcatcttg,30,zika,993.25,0.149265507,0.002559809,0,0.002559809
89,zika_89,cacaactcctccatccgcatggtccttact,30,zika,-288.0,-0.04328061,-0.000742235,0,-0.000742235
90,zika_90,gccgttccccctagctgactaaacctcctt,30,zika,-213.75,-0.032122328,-0.000550878,0,-0.000550878
91,zika_91,ccttctacccagttccgagcacgtctatca,30,zika,769.75,0.11567795,0.001983804,0,0.001983804
92,zika_92,cgtcgaaactgcctacccctcgaaccttgt,30,zika,-109.75,-0.016493219,-0.000282848,0,-0.000282848
93,zika_93,tcgtcagcccacattttcgccctgaaacag,30,zika,-10.75,-0.001615509,-2.7699999999999996e-05,0,-2.7699999999999996e-05
94,zika_94,ccgacatctgctaatccacagccagcttcg,30,zika,-76.75,-0.011533982,-0.0001978,0,-0.0001978
95,dengue_0,gggacctcttagtcaagggtttttgaatcg,30,dengue,4726.0,0.33801205100000004,0.014845273,0,0.014845273
96,dengue_1,cgaggtgtgagatcatttgtcttgtcaacg,30,dengue,60670.25,4.339245803,0.19057689600000002,0,0.19057689600000002
97,dengue_2,aggtattggtgttagcgttgaattagccac,30,dengue,166702.75,11.92288161,0.523645322,1,0.523645322
98,dengue_3,aggtgctagttcccgcagtatggattttga,30,dengue,9251.0,0.66164822,0.029059166,0,0.029059166
99,dengue_4,tcgttctgtgtacgatgtagcagtacgatg,30,dengue,203954.0,14.58715826,0.640658645,1,0.640658645
100,dengue_5,tgcacacgttgtggtctaatttacggtgga,30,dengue,25533.5,1.826202013,0.080205622,0,0.080205622
101,dengue_6,ttgcgggcatcggctgttcaattacgatga,30,dengue,283892.5,20.30450409,0.8917608109999999,1,0.8917608109999999
102,dengue_7,cacctcctaggtgggttgctttagtatgga,30,dengue,13981.75,1.0,0.043919359000000005,0,0.043919359000000005
103,dengue_8,ttctcgatcgccgtatagttaaggcgtggt,30,dengue,203243.25,14.53632414,0.6384260429999999,1,0.6384260429999999
104,dengue_9,ttggttctagtacaggcttgttcgccggac,30,dengue,9183.5,0.656820498,0.028847135,0,0.028847135
105,dengue_10,ggttgccctttagggttgtttaacccggct,30,dengue,5387.75,0.385341606,0.016923956,0,0.016923956
106,dengue_11,tttgccgggaattgcgtggatcttcgcttc,30,dengue,1775.0,0.126951204,0.005575615999999999,0,0.005575615999999999
107,dengue_12,tctgaggtcttgatgggtcgcgcctctgta,30,dengue,26432.25,1.890482236,0.083028769,0,0.083028769
108,dengue_13,tgaaggcggtcgggtccttatgtgtcttct,30,dengue,91610.5,6.552148336,0.28776615699999997,0,0.28776615699999997
109,dengue_14,gtcgtctcgacagtggatttcgtgggttta,30,dengue,38314.5,2.740322206,0.120353196,0,0.120353196
110,dengue_15,ccaaagggtgttttgttttctagggcgctg,30,dengue,15621.0,1.1172421190000001,0.049068558,0,0.049068558
111,dengue_16,cgggggtttcaaggaggtgcttattgcttt,30,dengue,97043.75,6.940744184,0.304833038,0,0.304833038
112,dengue_17,gggatcagggtggcctttaattttgctatg,30,dengue,-309.75,-0.022153878999999998,-0.000972984,0,-0.000972984
113,dengue_18,tgatactatgatcgtggcttagcgttggtg,30,dengue,350.5,0.025068392999999998,0.001100988,0,0.001100988
114,dengue_19,ggactgtggggcctgggtctattattatat,30,dengue,61078.0,4.368408819,0.19185771699999998,0,0.19185771699999998
115,dengue_20,ttatacttaagatattgttcgccggggggg,30,dengue,47.75,0.003415166,0.000149992,0,0.000149992
116,dengue_21,gatgtcatcggatcggtatgtgtaccttcg,30,dengue,26378.75,1.886655819,0.082860715,0,0.082860715
117,dengue_22,tcttgtccattggccgggacagtgttagtt,30,dengue,272605.0,19.49720171,0.856304608,1,0.856304608
118,dengue_23,tccgaattatggctcttggcacctttgggt,30,dengue,52172.0,3.731435621,0.163882262,0,0.163882262
119,dengue_24,tgatttggactgcggctttaccttcctagt,30,dengue,6981.25,0.499311603,0.021929446000000002,0,0.021929446000000002
120,dengue_25,agttctagcgttgcacagcggtttcctgct,30,dengue,305902.5,21.87869902,0.960898444,1,0.960898444
121,dengue_26,gtcggattacctcttgtgggtattcttcgc,30,dengue,318350.5,22.76900245,1.0,1,1.0
122,dengue_27,actggatcgttgccaggtttccctgttttt,30,dengue,-416.0,-0.029753071000000002,-0.001306736,0,-0.001306736
123,dengue_28,gctgcgctgctttcaaacgtgttttttagt,30,dengue,10655.0,0.762064835,0.033469399,0,0.033469399
124,dengue_29,ctatatccgcgtggattcggttgcttagtt,30,dengue,82699.5,5.91481753,0.25977499600000004,0,0.25977499600000004
125,dengue_30,ttacgatctattcggcttctcgcgtatagg,30,dengue,-378.0,-0.027035242,-0.001187371,0,-0.001187371
126,dengue_31,ttcttgattcgttcgtgctaagcaaccgag,30,dengue,26587.75,1.901603876,0.083517224,0,0.083517224
127,dengue_32,tttgctgcctaagctggatatccatcgtcg,30,dengue,105892.0,7.5735869970000005,0.332627089,0,0.332627089
128,dengue_33,tgttcgcccgtatcgtactttaccgatgtg,30,dengue,56101.5,4.012480555,0.176225575,0,0.176225575
129,dengue_34,ccgtactcatcgtttcgttattgtagtgcc,30,dengue,183561.75,13.12866773,0.576602675,1,0.576602675
130,dengue_35,tctttttctttcaaactgctgggtctgcgc,30,dengue,161419.0,11.54497828,0.507048049,1,0.507048049
131,dengue_36,tgtattgcgcgtttcagtggttcccattta,30,dengue,178923.0,12.79689595,0.562031472,1,0.562031472
132,dengue_37,tgatttagggcgtacttccctttcattgtt,30,dengue,534.5,0.038228405,0.0016789670000000002,0,0.0016789670000000002
133,dengue_38,catttcagtgggttacttaggtctttttgc,30,dengue,1525.5,0.109106514,0.004791888,0,0.004791888
134,dengue_39,tttagcaggttcgttggtattctcattcgg,30,dengue,4490.0,0.321132905,0.014103951000000002,0,0.014103951000000002
135,dengue_40,ccgagtgtgggcttgattggtttatttcta,30,dengue,207134.5,14.81463336,0.650649206,1,0.650649206
136,dengue_41,gttcttgtccgtgtgccatgagtatggatt,30,dengue,302952.25,21.66769181,0.951631142,1,0.951631142
137,dengue_42,cccttttgtggtcatatgctgtgggatgat,30,dengue,7269.0,0.5198920020000001,0.022833324,0,0.022833324
138,dengue_43,ttagtggcgctggagttcacctttggtctc,30,dengue,92383.25,6.607416811,0.290193513,0,0.290193513
139,dengue_44,gctctggttttttactagcctgctgatgcg,30,dengue,1595.5,0.11411304,0.005011772,0,0.005011772
140,dengue_45,gatttgtgtgctacacttctgacggcttgt,30,dengue,85988.75,6.150070628,0.270107162,0,0.270107162
141,dengue_46,ctttctggtttgtgattagactccggactt,30,dengue,21258.75,1.5204641769999998,0.06677781299999999,0,0.06677781299999999
142,dengue_47,atggatgtcttggactcttactttttgggt,30,dengue,3866.25,0.276521179,0.012144633,0,0.012144633
143,dengue_48,cgttatttcttagctggttattacgggttg,30,dengue,-620.25,-0.0443614,-0.001948324,0,-0.001948324
144,dengue_49,tcgagctcgtgggatctttgctatatgtgt,30,dengue,5320.0,0.380496004,0.016711141000000002,0,0.016711141000000002
145,dengue_50,aaccctatggttggtttcgggatgttagtc,30,dengue,-628.75,-0.044969335,-0.001975024,0,-0.001975024
146,dengue_51,ggatgttgttctgaggaattcgtccgtact,30,dengue,3981.25,0.284746187,0.01250587,0,0.01250587
147,dengue_52,gttcgggctaattaactgttgcaaagctgg,30,dengue,206322.75,14.75657554,0.6480993429999999,1,0.6480993429999999
148,dengue_53,ataatgtgtctctcggcagataagcagcgt,30,dengue,587.0,0.0419833,0.00184388,0,0.00184388
149,dengue_54,catacaatgattatctggctctacgaggtg,30,dengue,671.75,0.048044773,0.002110096,0,0.002110096
150,dengue_55,tcatagatattacgctcggttgagatccag,30,dengue,134802.25,9.641300266,0.42343973100000004,0,0.42343973100000004
151,dengue_56,ctggcgtaagttattcgtgtaacaatcgac,30,dengue,308708.25,22.07937132,0.969711843,1,0.969711843
152,dengue_57,gacggtatggagctttattaaaccttgcca,30,dengue,40850.25,2.9216836230000003,0.12831847300000002,0,0.12831847300000002
153,dengue_58,ctattactaaatgaacgattggttgcgtgc,30,dengue,152106.25,10.87891358,0.477794915,1,0.477794915
154,dengue_59,gagaaacgatatacttcgctcacttttggg,30,dengue,117662.75,8.415452286,0.36960127299999995,0,0.36960127299999995
155,dengue_60,tgttcatgtgttgacttacacctacgagcg,30,dengue,195447.5,13.97875802,0.613938097,1,0.613938097
156,dengue_61,attggttcttctcataggtccgtgtgcaca,30,dengue,8841.25,0.63234216,0.027772063,0,0.027772063
157,dengue_62,agtcttctcgtaatcgatctagtcatgccg,30,dengue,-1124.0,-0.080390509,-0.0035306999999999995,0,-0.0035306999999999995
158,dengue_63,gctgaagtccctcatagttactgtatcgtc,30,dengue,-1102.5,-0.07885279,-0.0034631640000000003,0,-0.0034631640000000003
159,dengue_64,tcttacatgttatcgataggcatccgctgc,30,dengue,-2049.25,-0.146566059,-0.006437086999999999,0,-0.006437086999999999
160,dengue_65,cggacatttgggacccaacttcttggttct,30,dengue,826.25,0.059094892,0.00259541,0,0.00259541
161,dengue_66,taccatggatggcccctctctatctatgtg,30,dengue,-344.75,-0.024657142000000003,-0.0010829260000000001,0,-0.0010829260000000001
162,dengue_67,aggttttgactccctccttctcagggtgac,30,dengue,3378.0,0.241600658,0.010610946000000001,0,0.010610946000000001
163,dengue_68,taatcctgtttgcctgctcggccatagtgc,30,dengue,8594.25,0.614676274,0.026996187999999997,0,0.026996187999999997
164,dengue_69,tatggcccattgttcccttggcgtgtactc,30,dengue,119205.25,8.525774671,0.374446561,0,0.374446561
165,dengue_70,tgctttcgtgcggccacctttacttggcta,30,dengue,210716.25,15.07080659,0.66190017,1,0.66190017
166,dengue_71,tatcgctcgttttcttactctggcggtccg,30,dengue,73597.5,5.2638260589999994,0.23118386800000001,0,0.23118386800000001
167,dengue_72,ttttactttgtgcccctgtacggtccggct,30,dengue,47.75,0.003415166,0.000149992,0,0.000149992
168,dengue_73,gccctcgctgtcgctatctttatgtgtgtc,30,dengue,73130.25,5.230407495,0.229716146,0,0.229716146
169,dengue_74,gactggaccttgccgtttctgctggtttcc,30,dengue,9325.25,0.666958714,0.029292399,0,0.029292399
170,dengue_75,tcactttgggtccgcctctcttggttgacc,30,dengue,9884.0,0.706921523,0.03104754,0,0.03104754
171,dengue_76,cgtatctcacccgtgctcggttcctgttct,30,dengue,8415.75,0.601909632,0.026435485,0,0.026435485
172,dengue_77,gccgtacgcttttccgcttccggatattcc,30,dengue,285510.5,20.42022637,0.8968432590000001,1,0.8968432590000001
173,dengue_78,cttccttggccctacagggcctccatgttt,30,dengue,146432.0,10.47308098,0.45997100700000004,1,0.45997100700000004
174,dengue_79,ccctcgtcctcgggcctttaatcgatcgtt,30,dengue,2070.0,0.148050137,0.006502267,0,0.006502267
175,dengue_80,ctagtagtctccttacgtgtgtgccctccc,30,dengue,18271.75,1.306828544,0.057395072000000005,0,0.057395072000000005
176,dengue_81,ccaccatgacccgtgcctactgtctggttt,30,dengue,-119.0,-0.008511095,-0.00037380199999999996,0,-0.00037380199999999996
177,dengue_82,gacttccccttgacttattcggcgtcatgc,30,dengue,563.5,0.040302537,0.0017700620000000002,0,0.0017700620000000002
178,dengue_83,tcatgaggacggcccctcgtttacttctgt,30,dengue,1234.0,0.08825790800000001,0.003876231,0,0.003876231
179,dengue_84,gagctctcggagttttgacgtctttcgcac,30,dengue,2159.25,0.154433458,0.006782619,0,0.006782619
180,dengue_85,ccttcagcagctttgaggtctctccggatg,30,dengue,117.0,0.008368051,0.000367519,0,0.000367519
181,dengue_86,agattgcgctttgttcgctagccgcgagtc,30,dengue,48719.75,3.4845244689999997,0.153038082,0,0.153038082
182,dengue_87,taagcgccgcggtactttctcggcggttag,30,dengue,104278.0,7.458150804,0.327557205,0,0.327557205
183,dengue_88,cggcaaagggcgtatgccgcgctttgttca,30,dengue,96572.25,6.907021652999999,0.30335196600000003,0,0.30335196600000003
184,dengue_89,cattaacgggcttacgggggccgtacttcg,30,dengue,78716.25,5.6299282989999995,0.24726284399999998,0,0.24726284399999998
185,dengue_90,aagcgtatccggggttgcgctctgacttgc,30,dengue,-153.5,-0.010978597,-0.000482173,0,-0.000482173
186,dengue_91,tgctcgacccggttgtccatttgcggatag,30,dengue,-107.25,-0.007670714,-0.00033689300000000006,0,-0.00033689300000000006
187,dengue_92,gcgagcgctctatccaagccgtgtggtttc,30,dengue,5757.75,0.411804674,0.018086197,0,0.018086197
188,dengue_93,gtcgacacctgctcgccttataggggcgtt,30,dengue,2954.5,0.21131117300000002,0.009280651,0,0.009280651
189,dengue_94,gcgcaagcttccgctttactctgcgggcat,30,dengue,35.25,0.002521144,0.00011072700000000001,0,0.00011072700000000001
190,thermo_0,tgatgtatacttaattccaaactatcccaa,30,thermo,626530.75,2.624609692,0.80305537,1,0.80305537
191,thermo_1,aagcttatttaaacaaccccttagtcacat,30,thermo,435029.5,1.8223888330000002,0.557598771,0,0.557598771
192,thermo_2,aaactaaactttctaactatagtgcaacct,30,thermo,636724.5,2.667312489,0.816121202,1,0.816121202
193,thermo_3,atgctcatatcaatcaaattctacaaactt,30,thermo,40083.25,0.167913365,0.051376679,0,0.051376679
194,thermo_4,tactcatatcgattcaacttgaaaactaat,30,thermo,521843.75,2.186063755,0.668872878,0,0.668872878
195,thermo_5,ttattatcaaactatctcacaaattcggaa,30,thermo,643678.0,2.696441503,0.825033846,1,0.825033846
196,thermo_6,cagttaccttacattcatattttaaaaacg,30,thermo,98888.25,0.414254303,0.126749948,0,0.126749948
197,thermo_7,tcaattaaattaaatacttgctgattccct,30,thermo,585053.75,2.4508577480000002,0.749892253,1,0.749892253
198,thermo_8,attaaactctcgttaaaatatcgttctatc,30,thermo,565316.75,2.368177174,0.7245943659999999,1,0.7245943659999999
199,thermo_9,aattccagtttctccgacattataaaatct,30,thermo,578785.5,2.424599324,0.7418579279999999,1,0.7418579279999999
200,thermo_10,atccccttagtataatgcatccaaaatttt,30,thermo,595717.25,2.4955283809999997,0.7635601870000001,1,0.7635601870000001
201,thermo_11,ctatattatacacatcttgaagttcgatca,30,thermo,394910.0,1.6543236119999998,0.5061756279999999,0,0.5061756279999999
202,thermo_12,agtatcatttataagcctataatttcgact,30,thermo,199858.5,0.837230345,0.256168499,0,0.256168499
203,thermo_13,tattttaaacccgttcttgcattgtataaa,30,thermo,302369.25,1.26665972,0.38756158399999996,0,0.38756158399999996
204,thermo_14,aatatattgtctattgcaagtcattatctg,30,thermo,573194.25,2.401176932,0.734691347,1,0.734691347
205,thermo_15,tgtatcttagctgtacacatgataagttat,30,thermo,525541.5,2.201554057,0.6736124659999999,0,0.6736124659999999
206,thermo_16,atacgacatactgtgattctttatagttgt,30,thermo,174000.25,0.7289071490000001,0.223024704,0,0.223024704
207,thermo_17,cttcgttcattgttattacagttatgaaga,30,thermo,235425.75,0.986225665,0.301756798,0,0.301756798
208,thermo_18,tatgtctataagtatacttttctgatagca,30,thermo,83781.75,0.35097143,0.10738720199999999,0,0.10738720199999999
209,thermo_19,catatgataaagtcctcattatgctgtttt,30,thermo,372943.0,1.5623013119999998,0.478019441,0,0.478019441
210,thermo_guide_1,atcgcttatttctgatttcggatttaataa,30,thermo,-483.5,-0.002025437,-0.000619726,0,-0.000619726
211,thermo_20,tgtgctctttttaaaagtcagtgtacttat,30,thermo,340274.75,1.425450238,0.43614693299999996,0,0.43614693299999996
212,thermo_guide_2,tttcttgtctgatagatgagcttttacatt,30,thermo,44022.0,0.18441324399999998,0.056425169000000004,0,0.056425169000000004
213,thermo_21,ttgtgcgtccaagttttctaattatgatta,30,thermo,555620.75,2.32755951,0.712166525,1,0.712166525
214,thermo_guide_3,gccgataaatgtgtaatagtcttattttct,30,thermo,305804.5,1.281050379,0.39196471299999996,0,0.39196471299999996
215,thermo_22,gtttttatgcttttaattcccgaaagaagg,30,thermo,447664.25,1.87531726,0.573793353,0,0.573793353
216,thermo_guide_4,attttttcgagtaggatccatgttagtact,30,thermo,241013.5,1.009633395,0.308918893,0,0.308918893
217,thermo_23,tctgtactatcatagtcgtacttgtgtgta,30,thermo,100917.0,0.422752972,0.129350297,0,0.129350297
218,thermo_guide_5,agctgtagggatttttctcttctaacgtat,30,thermo,111987.0,0.46912648,0.143539262,0,0.143539262
219,thermo_24,gttttagatcctcagacggctaatgttttg,30,thermo,572188.25,2.396962682,0.7334019070000001,1,0.7334019070000001
220,thermo_guide_6,ataccgagtggttttgttcatttccgtgaa,30,thermo,20743.5,0.086896918,0.026587967,0,0.026587967
221,thermo_25,ttgattgttagggtttctagcaagctctat,30,thermo,620176.75,2.597992052,0.794911135,1,0.794911135
222,thermo_guide_7,gaaacggttgtatgtttgctctgtcaattt,30,thermo,338690.5,1.418813632,0.43411632200000005,0,0.43411632200000005
223,thermo_26,cgtctggatctttaatcggattgatatatg,30,thermo,280713.75,1.1759423279999999,0.359804661,0,0.359804661
224,thermo_guide_8,ggttttatcttttctagtagtagaactcag,30,thermo,-532.25,-0.002229657,-0.0006822110000000001,0,-0.0006822110000000001
225,thermo_27,tgtaattacaatcgatttactgttctaggg,30,thermo,237105.25,0.993261284,0.303909496,0,0.303909496
226,thermo_guide_9,cgttcaggtttgattaagtccgataaaatt,30,thermo,45038.75,0.18867252699999998,0.057728388,0,0.057728388
227,thermo_28,tatgtatcaatttcccggacaaatgtaggt,30,thermo,265947.0,1.1140827070000001,0.340877389,0,0.340877389
228,thermo_guide_10,attgcgtctcgattgaacttctatgagaaa,30,thermo,51286.5,0.214845073,0.06573643700000001,0,0.06573643700000001
229,thermo_29,atcgattgtagtctgtacagattcagaaat,30,thermo,623318.5,2.611153206,0.7989380709999999,1,0.7989380709999999
230,thermo_guide_11,tttcaagggaatagtgtactcgattctaaa,30,thermo,141915.75,0.594501472,0.181900418,0,0.181900418
231,thermo_30,aggtatattttatttgccctacaaagcgaa,30,thermo,18747.0,0.078533349,0.024028955,0,0.024028955
232,thermo_guide_12,cagttttcatagaactgtggaaatcacatt,30,thermo,122454.5,0.512976047,0.156955974,0,0.156955974
233,thermo_31,tctacagtatccaataagtttggtaagaac,30,thermo,237291.75,0.9940425540000001,0.30414854199999997,0,0.30414854199999997
234,thermo_guide_13,aatcaataaccgattggtttaacatatctg,30,thermo,-2048.75,-0.00858245,-0.002625984,0,-0.002625984
235,thermo_32,gacttaaatgtaaagtaaatttcatgctcc,30,thermo,-2833.0,-0.011867764,-0.0036311959999999997,0,-0.0036311959999999997
236,thermo_guide_14,gcaagcttaatagactaatactatatgtct,30,thermo,7100.0,0.02974272,0.00910042,0,0.00910042
237,thermo_33,caaacaaggcataacttcattttatggtag,30,thermo,13399.25,0.056131006,0.01717448,0,0.01717448
238,thermo_guide_15,tgttaactgtaaccaatagactttcgaagg,30,thermo,78091.75,0.327135362,0.100094048,0,0.100094048
239,thermo_34,cttagagatgttaaaactaaggcgctatat,30,thermo,721927.25,3.024236652,0.92532977,1,0.92532977
240,thermo_guide_16,aagtcttccgatatgtgaaacggtataaac,30,thermo,50989.75,0.213601953,0.065356078,0,0.065356078
241,thermo_35,ttacactagactgagagcttaatcaattga,30,thermo,10390.5,0.043527005,0.013318016,0,0.013318016
242,thermo_guide_17,attacaagagactcatcgtgatctgatata,30,thermo,138545.25,0.580382058,0.177580282,0,0.177580282
243,thermo_36,aaataatctggcgatctatcagcatttatg,30,thermo,180052.75,0.75426177,0.230782492,0,0.230782492
244,thermo_guide_18,tgtaactgtaactataaggttacctcggta,30,thermo,252582.25,1.058096225,0.32374713,0,0.32374713
245,thermo_37,taggattaacccttatacagatttgcattg,30,thermo,200722.5,0.840849741,0.25727593,0,0.25727593
246,thermo_guide_19,tatgatcccctattgataatgaacagtgtt,30,thermo,5318.25,0.022278764,0.006816663000000001,0,0.006816663000000001
247,thermo_38,ctaatgaactagtagtgagatcattttttc,30,thermo,533626.75,2.235424103,0.68397573,0,0.68397573
248,thermo_guide_20,gtagacaattacttgcttgaatcttacgta,30,thermo,9163.25,0.038385913,0.01174499,0,0.01174499
249,thermo_39,ttatctaacaggaatgttgctaagcacttt,30,thermo,-749.5,-0.003139742,-0.0009606710000000001,0,-0.0009606710000000001
250,thermo_guide_21,catcttttggttttcgcgaaacaaagtatt,30,thermo,8063.75,0.03377998,0.010335706,0,0.010335706
251,thermo_40,gattatttaagttacctgaactatcgatcg,30,thermo,147302.75,0.617068237,0.188805201,0,0.188805201
252,thermo_guide_22,tagtctaaccagttagcgatttatatctgg,30,thermo,293672.0,1.230225935,0.37641389,0,0.37641389
253,thermo_41,ggtcgcctgaattgagttctgtatcttaaa,30,thermo,614078.25,2.572444731,0.7870943859999999,1,0.7870943859999999
254,thermo_guide_23,tagcatatcggaagtaccttagtgtgactt,30,thermo,437102.0,1.831070775,0.5602551960000001,0,0.5602551960000001
255,thermo_42,tactttactgattggcccataattgtgagg,30,thermo,624256.25,2.615081549,0.800140031,1,0.800140031
256,thermo_guide_24,tcgttacctggcacagttgtataagtttgt,30,thermo,390841.0,1.637278101,0.50096019,0,0.50096019
257,thermo_43,tcgttgaatgggaacctttatgttgatttc,30,thermo,677228.75,2.8369894710000003,0.868037498,1,0.868037498
258,thermo_guide_25,gtacttgctatttgtggttctataataggt,30,thermo,294881.75,1.235293717,0.377964486,0,0.377964486
259,thermo_44,gatattagttagtgttctttggatctctgt,30,thermo,58741.75,0.246075977,0.075292199,0,0.075292199
260,thermo_guide_26,cttttattgtctgtagatttgtgtggttac,30,thermo,27058.75,0.11335223,0.034682535,0,0.034682535
261,thermo_45,gttggccgttttagtgttatttttatatgc,30,thermo,633096.25,2.65211333,0.811470695,1,0.811470695
262,thermo_guide_27,ggggtttagggtacttatctttttaccttt,30,thermo,195770.0,0.8201031459999999,0.250928067,0,0.250928067
263,thermo_46,ttctgatttcttcttgctgatgattggtga,30,thermo,438895.25,1.8385829059999999,0.562553693,0,0.562553693
264,thermo_guide_28,gtgagatgcacgttcttttttgtccgattt,30,thermo,182230.25,0.76338357,0.23357350100000002,0,0.23357350100000002
265,thermo_47,tgatctttttagatctacctttgcggtgat,30,thermo,42726.5,0.178986245,0.054764663,0,0.054764663
266,thermo_guide_29,tagaacgctctgtttggaatttttgtcttc,30,thermo,232378.75,0.97346143,0.297851307,0,0.297851307
267,thermo_48,ttttcacatcactttgactatgttctgggt,30,thermo,981.0,0.004109522,0.001257396,0,0.001257396
268,thermo_guide_30,ctattttaatttgtgcgctacttcagtttc,30,thermo,5058.75,0.021191687999999997,0.006484049,0,0.006484049
269,thermo_49,gtacttctcttacattttgtccgagttttc,30,thermo,274540.25,1.150080824,0.35189178200000004,0,0.35189178200000004
270,thermo_guide_31,tgtattctttagtattctttacgtctgtcc,30,thermo,236479.0,0.99063785,0.30310679999999995,0,0.30310679999999995
271,thermo_50,tcgtttttgttacctcctatttgcgattta,30,thermo,456310.75,1.9115384469999999,0.584875999,0,0.584875999
272,thermo_guide_32,ctcgtcgcttattttcatttcaagtttgtt,30,thermo,235414.0,0.986176442,0.301741737,0,0.301741737
273,thermo_51,ttcacgtctgtcagtatttctttacttgat,30,thermo,38693.25,0.162090494,0.049595047,0,0.049595047
274,thermo_guide_33,tctaattcggtctatttcctattttagtct,30,thermo,-211.25,-0.000884951,-0.00027077,0,-0.00027077
275,thermo_52,ttgtcattgctattcctatttagatctatc,30,thermo,21546.5,0.09026077800000001,0.027617212000000002,0,0.027617212000000002
276,thermo_guide_34,tcatattacttccatgtcttgcacttttga,30,thermo,-114.75,-0.000480701,-0.000147081,0,-0.000147081
277,thermo_53,attttctattaccctcgctgctacagttat,30,thermo,-1814.0,-0.007599056,-0.002325093,0,-0.002325093
278,thermo_guide_35,ttttacgcccatgtttccataatacgtatt,30,thermo,8078.75,0.033842817000000004,0.010354931999999999,0,0.010354931999999999
279,thermo_54,agacttcacattttctttaatctgcgctta,30,thermo,19857.75,0.083186409,0.025452658,0,0.025452658
280,thermo_guide_36,atcatcagctatcgttaggttctacatctt,30,thermo,240136.0,1.005957446,0.307794157,0,0.307794157
281,thermo_55,atatcccccgtctcattttatgatgagatt,30,thermo,703098.25,2.945359795,0.901195712,1,0.901195712
282,thermo_guide_37,aacttgacctacttttttcaacttgacgtc,30,thermo,-985.5,-0.004128373,-0.001263164,0,-0.001263164
283,thermo_56,cttgagtttcatacattcctcaatctactt,30,thermo,37576.5,0.15741229999999998,0.04816365400000001,0,0.04816365400000001
284,thermo_guide_38,tcgcctctaatctctttcactttgttaata,30,thermo,211324.25,0.885261697,0.270864716,0,0.270864716
285,thermo_57,tatctaacatcgctcttattccttagtctc,30,thermo,320389.25,1.3421475809999999,0.410658707,0,0.410658707
286,thermo_guide_39,tccagcctatctactagacttatgttcctt,30,thermo,249908.0,1.046893483,0.32031941199999997,0,0.32031941199999997
287,thermo_58,cctgcatctctttgctcaaaagccttttta,30,thermo,25212.25,0.105617028,0.032315785,0,0.032315785
288,thermo_guide_40,tgctatcctctctttcactttagaagactc,30,thermo,52607.75,0.220379942,0.067429948,0,0.067429948
289,thermo_59,ttaccccagcgctatttctaccttgctata,30,thermo,435307.75,1.8235544540000002,0.5579554179999999,0,0.5579554179999999
290,thermo_guide_41,caccgcattttaaaccgctcgtttatcatc,30,thermo,40546.25,0.169852925,0.051970129000000004,0,0.051970129000000004
291,thermo_60,ctcatcccttcttcgaacattatgagcact,30,thermo,15475.25,0.06482761,0.019835391,0,0.019835391
292,thermo_guide_42,tccctagatcagataccttcgtctttagca,30,thermo,96746.75,0.405283313,0.12400508199999999,0,0.12400508199999999
293,thermo_61,atcagtcattctctccacggttatgcttca,30,thermo,291154.0,1.219677742,0.373186445,0,0.373186445
294,thermo_guide_43,cctgcattacccaaatttttgttagctgca,30,thermo,264914.75,1.109758492,0.339554304,0,0.339554304
295,thermo_62,cccttgacacatctgttcgattataagctt,30,thermo,151686.0,0.635430178,0.19442342899999998,0,0.19442342899999998
296,thermo_guide_44,agtataatccctattagtgtccgtacacct,30,thermo,24994.75,0.104705895,0.032037004,0,0.032037004
297,thermo_63,gcatgtttgctctccacagatctaatttaa,30,thermo,352081.25,1.474909031,0.45127990700000004,0,0.45127990700000004
298,thermo_guide_45,attttttagctagagcgcaacagtctactc,30,thermo,382296.5,1.6014842040000001,0.490008283,0,0.490008283
299,thermo_64,gtttgcatcaagacccatctgctatgatta,30,thermo,506033.0,2.119830697,0.6486074589999999,0,0.6486074589999999
300,thermo_guide_46,tacttctttcttacttatgatttatcctct,30,thermo,18845.75,0.078947024,0.024155527000000003,0,0.024155527000000003
301,thermo_65,cggaactttacatcatcagttctagcattg,30,thermo,604064.5,2.530495976,0.7742592690000001,1,0.7742592690000001
302,thermo_guide_47,ttctcttatctttttctacttaacatttcg,30,thermo,21866.5,0.091601295,0.028027372000000002,0,0.028027372000000002
303,thermo_66,ctggcaacaccgttcgttatattcaaattg,30,thermo,594287.5,2.489538993,0.7617276059999999,1,0.7617276059999999
304,thermo_67,atattaatcctcagatcttgtgacgcacgt,30,thermo,601506.75,2.519781265,0.770980875,1,0.770980875
305,thermo_guide_48,ttctctttcttttacattcacaactgttct,30,thermo,3690.5,0.015459931000000001,0.004730296,0,0.004730296
306,thermo_68,aacttgaactacttgcttgtgcatccgtta,30,thermo,766709.75,3.211835718,0.98272971,1,0.98272971
307,thermo_69,catattttcgaagtccgcttgtttaaacgc,30,thermo,780183.75,3.26827986,1.0,1,1.0
308,thermo_70,accattggaactgcactagtgtttcttctc,30,thermo,293520.5,1.229591284,0.376219705,0,0.376219705
309,thermo_71,gcctttcgtgataattttgaatcatctccg,30,thermo,544694.75,2.281789234,0.698162132,0,0.698162132
310,thermo_72,ctcggctagtaattacttatagacttctgt,30,thermo,308840.5,1.293768534,0.395856104,0,0.395856104
311,thermo_73,tcgcaagagttctgttcttcgacttacatt,30,thermo,549089.75,2.300200397,0.70379542,1,0.70379542
312,thermo_74,cgctaacttcgtttattcttcctgcatgaa,30,thermo,3792.75,0.015888268,0.004861355,0,0.004861355
313,thermo_75,tatatcacttctcgagtttgatttcccaca,30,thermo,34172.25,0.143151503,0.043800259,0,0.043800259
314,thermo_76,catcgttgcgatcttatcattcatattcct,30,thermo,310115.25,1.2991086090000001,0.397490014,0,0.397490014
315,thermo_77,tcttagcttctaaatctcgtctccatttga,30,thermo,525876.5,2.202957411,0.674041852,0,0.674041852
316,thermo_78,tacttctctatctgaatttagatctcgcct,30,thermo,587147.75,2.459629755,0.7525762359999999,1,0.7525762359999999
317,thermo_79,ctgtgttttgaccactttccaatattatcc,30,thermo,83445.25,0.34956179200000004,0.10695589300000001,0,0.10695589300000001
318,thermo_80,gtctactttctttgaattttaatatccgcc,30,thermo,478038.5,2.002558502,0.612725528,0,0.612725528
319,thermo_81,tgcttctaatacttctttctacttcgtaat,30,thermo,34428.25,0.14422391699999998,0.044128386,0,0.044128386
320,thermo_82,gtcctctactagtctacttaatttatttca,30,thermo,678651.0,2.842947441,0.8698604659999999,1,0.8698604659999999
321,thermo_83,actattccaccttttaatcgttatactgct,30,thermo,205883.75,0.862470814,0.263891359,0,0.263891359
322,thermo_84,tagaactttcatctagtcctttcttatcag,30,thermo,561510.75,2.352233401,0.719716028,1,0.719716028
323,thermo_85,taattttccttatttagcccctactgtgat,30,thermo,465516.25,1.95010135,0.596675142,0,0.596675142
324,thermo_86,attgttgtcaatgctatctcattctttcta,30,thermo,546800.25,2.2906094169999998,0.700860855,1,0.700860855
325,thermo_87,gacgccattttttttatttttaactacctt,30,thermo,199199.0,0.8344676240000001,0.255323185,0,0.255323185
326,thermo_88,tctcttgttcacctataatcatcttgtatt,30,thermo,384403.25,1.610309623,0.49270860899999996,0,0.49270860899999996
327,thermo_89,ttttcttgatcctctcttttttagcaaatc,30,thermo,370054.0,1.5501989569999999,0.474316467,0,0.474316467
328,thermo_90,ctagctttgtttatcttatccttatttctc,30,thermo,313004.25,1.311210963,0.401192988,0,0.401192988
329,thermo_91,gcttcctccttttctattatttgttacttt,30,thermo,289887.25,1.21437118,0.371562789,0,0.371562789
330,thermo_92,tctttccgattgatttctttccttatttct,30,thermo,179388.5,0.751479151,0.22993109,0,0.22993109
331,thermo_93,agttctctctccattttttaacttcttttt,30,thermo,20977.75,0.08787821800000001,0.026888217000000002,0,0.026888217000000002
332,thermo_94,atttctatttttccattgtcttcatcttta,30,thermo,567339.25,2.376649661,0.7271867040000001,1,0.7271867040000001
333,thermo_95,attctctcttgtcatctttttatcttacat,30,thermo,294954.75,1.2355995229999999,0.378058054,0,0.378058054
334,ssrna1_0,acttcaagctcgctccagaccggtgactgg,30,ssma,12793.0,0.19696993,0.018586663,0,0.018586663
335,ssrna1_1,cgaacccgcgctttgtagccctgtaggaac,30,ssma,9662.0,0.148762875,0.014037703,0,0.014037703
336,ssrna1_2,tggcatgggtaatcggccccccacactgat,30,ssma,12048.0,0.18549939199999999,0.017504269,0,0.017504269
337,ssrna1_3,gactctggccgactggcaatcacggtaagc,30,ssma,360829.25,5.5555782229999995,0.5242407170000001,0,0.5242407170000001
338,ssrna1_4,taggcatcataggtagccactgggacccgc,30,ssma,608572.5,9.370005697,0.884181323,1,0.884181323
339,ssrna1_5,cccgcaacttgtctttggacaaccgggggt,30,ssma,225566.75,3.4729826480000003,0.32772086699999997,0,0.32772086699999997
340,ssrna1_6,ttcttgagcaattctccaggcagccaggcg,30,ssma,11582.75,0.17833607899999998,0.016828317,0,0.016828317
341,ssrna1_7,actgtgtgcagctaagacctatgcgactgc,30,ssma,519638.0,8.000708247999999,0.754970385,1,0.754970385
342,ssrna1_8,acacggcacttactgaatatttgcgccggg,30,ssma,607968.0,9.360698394,0.8833030590000001,1,0.8833030590000001
343,ssrna1_9,tagtcggctagccattagtacacttcgcac,30,ssma,8334.75,0.128327611,0.012109371,0,0.012109371
344,ssrna1_10,tctgttgtcgtcacccggcctgaaaaaaat,30,ssma,45973.75,0.707843847,0.06679422900000001,0,0.06679422900000001
345,ssrna1_11,ccaatggacagttatttcgtccgtacgaat,30,ssma,103349.25,1.5912369709999998,0.150153805,0,0.150153805
346,ssrna1_12,tcgttgtacgctactagccaggcaaattga,30,ssma,244237.0,3.7604428089999997,0.354846454,0,0.354846454
347,ssrna1_13,gggcactgcattaataccgactgcttaata,30,ssma,11267.75,0.17348612,0.016370661,0,0.016370661
348,ssrna1_14,tctttgcgattcaatcgaaaaacgatctat,30,ssma,688289.25,10.59738025,1.0,1,1.0
349,ssrna1_15,tttgggataaaccacactttgagacacttt,30,ssma,641399.75,9.875436881,0.931875298,1,0.931875298
350,ssrna1_16,gaatagaattttcaacttcctcacagttct,30,ssma,65174.25,1.003468106,0.094690205,0,0.094690205
351,ssrna1_17,gccttagaccgattatttttctaatcatct,30,ssma,176181.0,2.712605275,0.25596942,0,0.25596942
352,ssrna1_18,gattacttgaccctcactgatatatattgt,30,ssma,665788.25,10.2509392,0.967308802,1,0.967308802
353,ssrna1_19,ttagaatcatatacttaggtcaccgtatct,30,ssma,19936.25,0.306952378,0.02896493,0,0.02896493
354,ssrna1_20,aagcgcttaaaccttattaatgtacgcttg,30,ssma,223309.25,3.438224607,0.32444099600000004,0,0.32444099600000004
355,ssrna1_21,aataaaatgtggcacaggcgctcatctttt,30,ssma,51762.5,0.79697147,0.07520457400000001,0,0.07520457400000001
356,ssrna1_22,aacttgaatccttagatagtccggcattgc,30,ssma,16826.75,0.259076352,0.024447207000000002,0,0.024447207000000002
357,ssrna1_23,gggatactcatttgcctctgtataaaagtc,30,ssma,44055.0,0.678301437,0.064006521,0,0.064006521
358,ssrna1_24,tacggagatactggtcgtggataatcactt,30,ssma,295791.75,4.554215615,0.429749193,0,0.429749193
359,ssrna1_25,aatgcactagtagaggccgtttttacggat,30,ssma,509101.25,7.838477113,0.739661777,1,0.739661777
360,ssrna1_26,tgacgttagcaggtaccctactggattagg,30,ssma,168016.75,2.586902801,0.24410776399999998,0,0.24410776399999998
361,ssrna1_27,taggagccctattgtccgagcatggatatt,30,ssma,168708.0,2.5975457669999997,0.24511206600000002,0,0.24511206600000002
362,ssrna1_28,aaacgctgttgttgtccgatgtctacaggc,30,ssma,596213.75,9.179721782,0.8662255729999999,1,0.8662255729999999
363,ssrna1_29,cagttcgtacgcttaggatgccttcgtagc,30,ssma,184954.25,2.847684337,0.268715878,0,0.268715878
364,ssrna1_30,gctgtccatgctcggtaattgatatggccg,30,ssma,27120.5,0.41756609,0.039402766,0,0.039402766
365,ssrna1_31,gcggaaaccggggtctagttctttatcgtt,30,ssma,437499.5,6.736046743999999,0.6356332020000001,1,0.6356332020000001
366,ssrna1_32,gtcgcgatcatgtgtgcctagaactctgtg,30,ssma,350530.25,5.397007652,0.5092775310000001,0,0.5092775310000001
367,ssrna1_33,ggttgcttatactatggagacgcccggttg,30,ssma,445518.0,6.85950515,0.647283101,1,0.647283101
368,ssrna1_34,tagttagagaaccggctctggtttcgcgtg,30,ssma,8508.5,0.13100278699999998,0.012361809,0,0.012361809
369,ssrna1_35,tgtacgagcgtcagacctggtgatttgcct,30,ssma,7971.0,0.12272706300000001,0.011580887,0,0.011580887
370,ssrna1_36,tagtgtggtcgtgggagaactacgcccttc,30,ssma,27002.0,0.41574158200000005,0.0392306,0,0.0392306
371,ssrna1_37,gttgtgaccaccgggtgttttaccgaagag,30,ssma,64949.0,1.0,0.094362944,0,0.094362944
372,ssrna1_38,gtagtctcgataggtaagctaccggcgtat,30,ssma,15628.25,0.24062341199999998,0.022705934,0,0.022705934
373,ssrna1_39,agtcgtaatggtgtgaaccatcgcccgagt,30,ssma,242375.75,3.731785709,0.352142286,0,0.352142286
374,ssrna1_40,gtgacgctaggcctggcagatctgcctaaa,30,ssma,500345.75,7.703671342000001,0.726941108,1,0.726941108
375,ssrna1_41,cgtgcagtcagtccgaggggcactgcatta,30,ssma,306489.0,4.71891792,0.44529098799999994,0,0.44529098799999994
376,ssrna1_42,cacgagccgctcaacatgctggtagggctt,30,ssma,16318.75,0.251254831,0.023709146,0,0.023709146
377,ssrna1_43,ggatccttcgtcgtccaggcgatcgaagac,30,ssma,508754.25,7.833134459,0.739157629,1,0.739157629
378,ssrna1_44,tcctgatacgccacttaccaggggttcagg,30,ssma,11965.75,0.18423301399999997,0.01738477,0,0.01738477
379,ssrna1_45,acacggggtacctaggatccttatctcgcg,30,ssma,106537.25,1.6403216369999998,0.154785579,0,0.154785579
380,ssrna1_46,acggtgttccaatacgtgtcccaatcgggc,30,ssma,8465.75,0.13034457800000002,0.012299698000000001,0,0.012299698000000001
381,ssrna1_47,gccctaccgtcctacaggtggtagagttta,30,ssma,68125.25,1.048903755,0.098977646,0,0.098977646
382,ssrna1_48,ctcctgtgagttatgcagaagacacccgtg,30,ssma,606846.5,9.343430999999999,0.881673657,1,0.881673657
383,ssrna1_49,taatagctcctccgaatgcgccttcgaagg,30,ssma,10400.5,0.160133335,0.015110653,0,0.015110653
384,ssrna1_50,ccatccactgctaggaactgcattagctgc,30,ssma,103123.5,1.587761166,0.149825818,0,0.149825818
385,ssrna1_51,ccgacaggggattatcatcccgacttacgt,30,ssma,527479.25,8.121437589,0.7663627609999999,1,0.7663627609999999
386,ssrna1_52,cccgaatcgcttcacgtcgtctaggtataa,30,ssma,19295.5,0.297086945,0.028033999,0,0.028033999
387,ssrna1_53,gagactactcgcaacttagtcagttagccc,30,ssma,14648.5,0.22553849899999998,0.021282477,0,0.021282477
388,ssrna1_54,ctagagacgtttgattcaaaacggcccttc,30,ssma,11133.25,0.17141526399999998,0.016175249,0,0.016175249
389,ssrna1_55,ccccatgcaaaccgtagtacgagtatgttt,30,ssma,8579.75,0.132099801,0.012465326,0,0.012465326
390,ssrna1_56,agacggcgactacctacacaattcgtattg,30,ssma,22868.25,0.35209549,0.033224767,0,0.033224767
391,ssrna1_57,actctcaatggtcctagcttgaaacagaac,30,ssma,9933.25,0.152939229,0.014431796,0,0.014431796
392,ssrna1_58,cccgtaatttgctgagcgaaaaaatcccaa,30,ssma,11916.5,0.183474726,0.017313215,0,0.017313215
393,ssrna1_59,ccgaacacatagtacagtgcaactcaggta,30,ssma,10213.25,0.157250304,0.014838602,0,0.014838602
394,ssrna1_60,aaagaccaagcggagatgaccccttattca,30,ssma,62463.0,0.9617238140000001,0.09075109,0,0.09075109
395,ssrna1_61,cgcgaaataccatagacgctcagtgtaaca,30,ssma,20919.75,0.322095028,0.030393835,0,0.030393835
396,ssrna1_62,ggatccggttgcaacaatactacaacaagc,30,ssma,16980.25,0.261439745,0.024670223999999998,0,0.024670223999999998
397,ssrna1_63,agtccgtcaatatgaggaacataaatacca,30,ssma,11211.25,0.172616207,0.016288573,0,0.016288573
398,ssrna1_64,aagaattaagcgcactgaatccggacaaaa,30,ssma,22233.5,0.34232243799999995,0.032302553,0,0.032302553
399,ssrna1_65,gacaaccgatatacacgagaaagtagcagt,30,ssma,11541.0,0.177693267,0.01676766,0,0.01676766
400,ssrna1_66,agacatacgagaataacctgaccgatagac,30,ssma,10885.0,0.167593035,0.015814572,0,0.015814572
401,ssrna1_67,actacagaaggcacaactgtgcgacaagaa,30,ssma,219633.75,3.3816340510000003,0.319100945,0,0.319100945
402,ssrna1_68,agacaacgggaaacatggacaaatgcccat,30,ssma,13917.25,0.214279666,0.02022006,0,0.02022006
403,ssrna1_69,aataacggtcgggtcagaaagaccacagaa,30,ssma,427218.0,6.5777456160000005,0.620695442,1,0.620695442
404,ssrna1_70,tataggacaagccgagaaacaagagactgt,30,ssma,60022.0,0.9241404790000001,0.087204616,0,0.087204616
405,ssrna1_71,aagtaacgagcaaagcgttaaaggctgtac,30,ssma,8386.75,0.129128239,0.012184921000000001,0,0.012184921000000001
406,ssrna1_72,ccttacggaaacaatagaaggagtgagtca,30,ssma,81006.25,1.247228595,0.11769216199999999,0,0.11769216199999999
407,ssrna1_73,agagagcagccattgaatatagccgaagaa,30,ssma,35235.75,0.542514126,0.05119323,0,0.05119323
408,ssrna1_74,agcgagactgaagtaacagagttgaaagac,30,ssma,223124.0,3.435372369,0.324171851,0,0.324171851
409,ssrna1_75,tgaggtgatgcagagagaaaacttgaacga,30,ssma,591774.0,9.111364301,0.85977516,1,0.85977516
410,ssrna1_76,agcggatgaggtatcgaaatgaattacgag,30,ssma,48216.0,0.742367088,0.070051944,0,0.070051944
411,ssrna1_77,gatagttgagagagaatccgtgcgaaaggt,30,ssma,155767.75,2.3983086730000003,0.226311467,0,0.226311467
412,ssrna1_78,aaatatgaagttagcgggtgagcagtgcgt,30,ssma,118874.0,1.830266825,0.172709366,0,0.172709366
413,ssrna1_79,atgtagatgtaaaaggctagttgcatgcgg,30,ssma,180420.25,2.777875718,0.262128531,0,0.262128531
414,ssrna1_80,attggttactcacttgtagataaggggagg,30,ssma,324958.25,5.003283345,0.47212454600000003,0,0.47212454600000003
415,ssrna1_81,gacataaataggggaaagtttggtttggct,30,ssma,105397.0,1.622765555,0.153128935,0,0.153128935
416,ssrna1_82,ttgtcggagttaatgaagtgtggagatatg,30,ssma,562621.5,8.662512125,0.817420147,1,0.817420147
417,ssrna1_83,gttagttagtagcagattggttcaaggggt,30,ssma,81570.0,1.255908482,0.118511222,0,0.118511222
418,ssrna1_84,gatgtaggattagttttaatgcgtgggtcg,30,ssma,17237.5,0.265400545,0.025043977000000002,0,0.025043977000000002
419,ssrna1_85,gtttcgtgtgtggacgaaggtgggatctta,30,ssma,172460.0,2.65531417,0.250563262,0,0.250563262
420,ssrna1_86,tagttgggggaggcatccggttttgaggtt,30,ssma,560543.25,8.630513942,0.8144007040000001,1,0.8144007040000001
421,ssrna1_87,cgggttattgggggtttgactacctagcgt,30,ssma,11007.25,0.169475281,0.015992186000000002,0,0.015992186000000002
422,ssrna1_88,ctgagtgcttttttggtaggtgctcaggga,30,ssma,89824.0,1.38299281,0.130503273,0,0.130503273
423,ssrna1_89,cttgatgttcgtagtagacggctggtttgt,30,ssma,14639.5,0.225399929,0.021269401,0,0.021269401
424,ssrna1_90,atgcttcttttttggatcgtgggtcgaggc,30,ssma,64528.0,0.9935179909999999,0.093751283,0,0.093751283
425,ssrna1_91,gtaggtgcactcgctgtttgttcgtttgga,30,ssma,403080.75,6.206111718,0.585626973,1,0.585626973
426,ssrna1_92,tgtgttgtacacgttttagggctccatggt,30,ssma,56290.25,0.86668386,0.081782841,0,0.081782841
427,ssrna1_93,gaccgtgttaccttcttgtggggaatttgt,30,ssma,17491.75,0.269315155,0.025413371,0,0.025413371
428,ssrna1_94,cttttgtcggatagtgtgttctttcggcag,30,ssma,10436.0,0.160679918,0.01516223,0,0.01516223
429,ebola_0,acttatgagaagtaaacatccggattccca,30,ebola,154076.25,162.0575861,0.54295886,1,0.54295886
430,ebola_1,tgcgcaattttaaccgacacaaatgcaagc,30,ebola,120584.5,126.830923,0.424935203,1,0.424935203
431,ebola_2,tcccagaggctcaaaaaattcaaagtctcg,30,ebola,185100.25,194.6886668,0.652286258,1,0.652286258
432,ebola_3,ataatgtaaaaactgccggtaaacccttcc,30,ebola,2281.5,2.39968446,0.008039919,0,0.008039919
433,ebola_4,acatagctcaatactaagttaatcggaccg,30,ebola,283771.5,298.47120689999997,1.0,1,1.0
434,ebola_5,ccataacaatttagactcgatagaatcctg,30,ebola,34022.25,35.784643700000004,0.119893118,1,0.119893118
435,ebola_6,gcactacatctcttgtataatgtaaaaagc,30,ebola,85440.25,89.8661583,0.301088199,1,0.301088199
436,ebola_7,tacgttcttacgaatgctaacgttgaacaa,30,ebola,243537.75,256.1533,0.858217791,1,0.858217791
437,ebola_8,cctcgcaattatcacaatattagagtggca,30,ebola,1061.0,1.115961083,0.0037389240000000002,0,0.0037389240000000002
438,ebola_9,gaaaatgtacaagtcatttgcaatcgcctc,30,ebola,9465.75,9.9560873,0.033356944,0,0.033356944
439,ebola_10,ccacccacgaattaatgtgatgacattagg,30,ebola,59942.25,63.04733105,0.211234215,1,0.211234215
440,ebola_11,acctctagacaattgtgactaacgagttgg,30,ebola,139426.0,146.6484354,0.49133193399999997,1,0.49133193399999997
441,ebola_12,gaattctgctaaagcaagctcgtcgtttag,30,ebola,138821.75,146.01288459999998,0.48920258,1,0.48920258
442,ebola_13,ttacctatagcgattctcagaggttaggta,30,ebola,137849.25,144.99000790000002,0.48577552700000004,1,0.48577552700000004
443,ebola_14,agagtattggtaatttactcccctttagtg,30,ebola,-89.5,-0.09413620800000001,-0.000315395,0,-0.000315395
444,ebola_15,gggatttaggtactccgtatttcatttgtc,30,ebola,-3.25,-0.003418354,-1.15e-05,0,-1.15e-05
445,ebola_16,ctgtatcgtgtagtttggctcatagtactt,30,ebola,-379.5,-0.39915855899999997,-0.0013373439999999999,0,-0.0013373439999999999
446,ebola_17,accttttatattggccttgatgcttgagtc,30,ebola,-374.0,-0.393373652,-0.0013179620000000002,0,-0.0013179620000000002
447,ebola_18,cgttagaacttttacttctatcgtggacgt,30,ebola,26231.5,27.59032343,0.092438811,1,0.092438811
448,ebola_19,tctagctagtttcgctgaattggattccgt,30,ebola,95282.5,100.2182488,0.335771915,1,0.335771915
449,ebola_20,tttcagttgtttccctaggaactttgtgcg,30,ebola,178779.5,188.04049430000003,0.630012175,1,0.630012175
450,ebola_21,tattcgtcatcctttggggcttccaggtat,30,ebola,22700.5,23.87641336,0.079995701,0,0.079995701
451,ebola_22,ccccttttttaactgtttcctagtgcgggt,30,ebola,-68.25,-0.071785433,-0.00024051,0,-0.00024051
452,ebola_23,catctctctttgccctagtgatattgtgcg,30,ebola,1587.5,1.66973442,0.00559429,0,0.00559429
453,ebola_24,ccatttatgacgtggggtttgcctcatcct,30,ebola,1278.0,1.3442019459999999,0.004503624,0,0.004503624
454,ebola_25,ccagcgggtattgctcttcctcattgcgta,30,ebola,-770.5,-0.810412832,-0.0027152129999999997,0,-0.0027152129999999997
455,ebola_26,ttcagtgtatgtatggcttggccccccgta,30,ebola,10689.0,11.24270313,0.03766763,0,0.03766763
456,ebola_27,ttgcttcaccgggctcgctctcagtgtgaa,30,ebola,32745.5,34.44175651,0.11539389999999998,1,0.11539389999999998
457,ebola_28,tgctgtaggtgtccgagtgcccgcatctta,30,ebola,158333.25,166.53510390000002,0.557960366,1,0.557960366
458,ebola_29,gtcactgctcgaccgctcgggtttcaatgt,30,ebola,-398.5,-0.41914278200000005,-0.001404299,0,-0.001404299
459,ebola_30,cgtaagttagccgccacgcgtcgtttcttt,30,ebola,-60.0,-0.063108073,-0.000211438,0,-0.000211438
460,ebola_31,ctcccttgctaaggagtccgtgtgacgcat,30,ebola,84.0,0.08835130199999999,0.00029601299999999997,0,0.00029601299999999997
461,ebola_32,gcggcgagggtccatctacgtcactattca,30,ebola,9018.5,9.485669209,0.031780852000000005,0,0.031780852000000005
462,ebola_33,tccatagttgagcgctacggatgcggccca,30,ebola,14399.75,15.14567447,0.050744173,0,0.050744173
463,ebola_34,gctaggtagcattacccaagcgaggtccct,30,ebola,-274.0,-0.288193531,-0.0009655660000000001,0,-0.0009655660000000001
464,ebola_35,acctggcgaaagaaccggtcggcccttgat,30,ebola,47.5,0.049960557,0.000167388,0,0.000167388
465,ebola_36,aggccgcggcgcgacaagactgcatcttta,30,ebola,-583.25,-0.613463055,-0.002055351,0,-0.002055351
466,ebola_37,gccgatctagacggagtccgctcaagtcag,30,ebola,-351.75,-0.369971075,-0.001239554,0,-0.001239554
467,ebola_38,gggcactttgaaaggcccgcctgcagagct,30,ebola,-526.5,-0.553773337,-0.001855366,0,-0.001855366
468,ebola_39,gacatacgtgcgggccgaagggccgtactt,30,ebola,-45.0,-0.047331054000000004,-0.00015857799999999999,0,-0.00015857799999999999
469,ebola_40,atcggagtccagaccacgggggtggactgt,30,ebola,-719.5,-0.75677097,-0.002535491,0,-0.002535491
470,ebola_41,cggcttcggacaatgggcgcgttagtgcag,30,ebola,1499.5,1.5771759140000001,0.005284181,0,0.005284181
471,ebola_42,ccgctcggatggccgagaggtagcgatctc,30,ebola,-320.25,-0.336839337,-0.001128549,0,-0.001128549
472,ebola_43,gggccggtgtcgccagagatacccgcttga,30,ebola,795.25,0.836444912,0.0028024309999999998,0,0.0028024309999999998
473,ebola_44,cggcgatccaactggaggtgcgctcagggt,30,ebola,2275.5,2.3933736519999997,0.008018776,0,0.008018776
474,ebola_45,tgcccggtttggcggacagacatcggggcg,30,ebola,4841.5,5.092295556,0.017061262,0,0.017061262
475,ebola_46,tgggggttgcaccagtcctgggccgtaacg,30,ebola,727.25,0.76492243,0.002562801,0,0.002562801
476,ebola_47,ccgatcgcacgctggggtatagcttggctg,30,ebola,-216.0,-0.22718906100000003,-0.000761176,0,-0.000761176
477,ebola_48,ggttggcggcgactttgttcgaggaagcct,30,ebola,-131.75,-0.138574809,-0.000464282,0,-0.000464282
478,ebola_49,ttttgtgggagccgggctgattcgagctag,30,ebola,88736.0,93.33263213,0.312702297,1,0.312702297
479,ebola_50,caatgctgttttgctggggggcaagttgct,30,ebola,-1565.0,-1.646068893,-0.005515000999999999,0,-0.005515000999999999
480,ebola_51,gtgtggactctgaatcggtctgggtgtgat,30,ebola,-1274.25,-1.340257691,-0.004490409,0,-0.004490409
481,ebola_52,ggttcgcataatggtttatgctcgggtggg,30,ebola,-705.0,-0.741519853,-0.0024843929999999997,0,-0.0024843929999999997
482,ebola_53,tggcgcgtagatgcactgagtttggtgtgt,30,ebola,-271.5,-0.285564028,-0.000956756,0,-0.000956756
483,ebola_54,gcatgagctggtgtgcgacttcgttttggt,30,ebola,-313.5,-0.329739679,-0.001104762,0,-0.001104762
484,ebola_55,cctattctctgggttgtttggcgtggggta,30,ebola,404.25,0.425190639,0.001424562,0,0.001424562
485,ebola_56,ctgcccgtgttgttttagtcgctggtgtgg,30,ebola,32.0,0.033657638999999996,0.00011276700000000001,0,0.00011276700000000001
486,ebola_57,gtgtgttctctgtctgtgtaccgtggctgt,30,ebola,-146.25,-0.153825927,-0.000515379,0,-0.000515379
487,ebola_58,cgtagtgtcgggtgtttgtctttttcccgg,30,ebola,108.5,0.114120431,0.00038235,0,0.00038235
488,ebola_59,cttttttgtcgctgcggcaggtgttttggg,30,ebola,107534.0,113.10439129999999,0.37894573600000003,1,0.37894573600000003
489,ebola_60,gtgttgtgctttgcgttttgttggaccgtc,30,ebola,2002.0,2.1057060219999997,0.007054972,0,0.007054972
490,ebola_61,tgccgtttagtgtgtttctctgtgttgtcg,30,ebola,-1187.0,-1.248488036,-0.004182943,0,-0.004182943
491,ebola_62,cgtgtctattttctgtgggtttgctgcttg,30,ebola,1832.75,1.927688667,0.006458541,0,0.006458541
492,ebola_63,taccgggtgttttgttgggtgctttctttt,30,ebola,2164.25,2.276360768,0.007626735,0,0.007626735
493,ebola_64,gtgttggtttgtcggagcattgtttttttg,30,ebola,-39.75,-0.041809097999999996,-0.000140077,0,-0.000140077
494,ebola_65,ttgggattgttggatgttttgttctctgtg,30,ebola,-113.75,-0.119642388,-0.000400851,0,-0.000400851
495,ebola_66,ttatgggctgtttttgatgtatctgttggt,30,ebola,-430.5,-0.452800421,-0.001517066,0,-0.001517066
496,ebola_67,ctgttgtttctgtagatctgctggtagttt,30,ebola,-203.25,-0.21377859600000002,-0.000716245,0,-0.000716245
497,ebola_68,gctgtatttgcttgtacctggatgtattgt,30,ebola,182.75,0.192216671,0.000644004,0,0.000644004
498,ebola_69,ttgtactgatttcgaggccggatttgtatt,30,ebola,5312.0,5.587168025,0.018719286,0,0.018719286
499,ebola_70,cgtagagttacggtctagttgttttcgatt,30,ebola,4510.0,4.743623455,0.015893069,0,0.015893069
500,ebola_71,catttcccgtattgggtttgtgggttaaat,30,ebola,105024.75,110.46515910000001,0.370103234,1,0.370103234
501,ebola_72,tgtgacgtgtatattggttcactttgcact,30,ebola,4180.0,4.396529056,0.014730161,0,0.014730161
502,ebola_73,catcttttgtaatgtggagggttttctacc,30,ebola,446.75,0.46989219,0.00157433,0,0.00157433
503,ebola_74,aatgtttctgacatctgccgttgatgtttt,30,ebola,-313.25,-0.32947672899999997,-0.0011038810000000001,0,-0.0011038810000000001
504,ebola_75,gttacttcgtatagtatttgtttaccgtag,30,ebola,-877.5,-0.922955561,-0.003092277,0,-0.003092277
505,ebola_76,acctaagtgcgttggcatatattggttttt,30,ebola,-450.0,-0.473310544,-0.001585783,0,-0.001585783
506,ebola_77,taaaaatgtgtgtcgacttttgattggtgc,30,ebola,950.75,1.0,0.003350407,0,0.003350407
507,ebola_78,aagtcgaactggctgtgattggtattttaa,30,ebola,1227.0,1.290560084,0.004323901,0,0.004323901
508,ebola_79,agtttgaattactacgtgtcggacattgta,30,ebola,-47.25,-0.049697607000000005,-0.000166507,0,-0.000166507
509,ebola_80,gtaatgacattgtacggcgggtctaattta,30,ebola,7339.25,7.719432027000001,0.025863239,0,0.025863239
510,ebola_81,tcattaaattggagcttcgtcattatggag,30,ebola,-116.25,-0.122271891,-0.00040966099999999997,0,-0.00040966099999999997
511,ebola_82,cgaaaacgttgggatttgactcaatttacg,30,ebola,6755.75,7.105706022000001,0.023807007,0,0.023807007
512,ebola_83,tgatctaaccatcatgggtgttacggaaca,30,ebola,4052.75,4.2626873519999995,0.014281737,0,0.014281737
513,ebola_84,agcgtatagactaatcgtctgaaagctgtc,30,ebola,13517.5,14.21772285,0.047635157000000004,0,0.047635157000000004
514,ebola_85,ctagtcgtttaaaggtagacatagtccaac,30,ebola,2172.25,2.2847751769999998,0.007654927,0,0.007654927
515,ebola_86,acactgttaatatgctacggatgatagcgt,30,ebola,506.5,0.5327373129999999,0.0017848870000000002,0,0.0017848870000000002
516,ebola_87,taaattattacgtaggccaaagggcttcat,30,ebola,-120.25,-0.126479095,-0.00042375599999999996,0,-0.00042375599999999996
517,ebola_88,agtgttgaatgacacattctacattccgga,30,ebola,-47.25,-0.049697607000000005,-0.000166507,0,-0.000166507
518,ebola_89,tttagggcattaccagacactgcgatattt,30,ebola,-93.75,-0.098606363,-0.000330371,0,-0.000330371
519,ebola_90,attactacgtccatcgggagctaaggattt,30,ebola,3131.0,3.293189587,0.011033525,0,0.011033525
520,ebola_91,gcttgacgagtagtctagtagcatctcaat,30,ebola,948.75,0.997896398,0.003343359,0,0.003343359
521,ebola_92,cttagtaaaggcgttcgcccttatagagaa,30,ebola,3326.0,3.498290823,0.011720698,0,0.011720698
522,ebola_93,ttaacatacactggtaactgagcggtggca,30,ebola,14693.75,15.45490402,0.051780217999999996,0,0.051780217999999996
523,ebola_94,aacaggccgttgttgagcgaacgtctttaa,30,ebola,5876.25,6.180646857999999,0.020707681999999998,0,0.020707681999999998
524,APMLlong_guide_1,ccgcacgcgaggggctccgttttggctggt,30,apml_long,-1443.75,7.694870087000001,-0.060230282999999996,0,-0.060230282999999996
525,APMLlong_guide_2,acgctgtgcgccctgttgccgcacgtggtg,30,apml_long,-676.5,3.605596269,-0.02822219,0,-0.02822219
526,APMLlong_guide_3,tgcgcgccgtcgctgcccgccttgagttga,30,apml_long,4583.75,-24.43037975,0.19122463,0,0.19122463
527,APMLlong_guide_4,tagtccccgcgctcccggagctggcggttc,30,apml_long,1208.5,-6.4410393070000005,0.050416137,0,0.050416137
528,APMLlong_guide_5,ttcggccgctctggcggacttgcaccccgg,30,apml_long,23970.5,-127.75749499999999,1.0,1,1.0
529,APMLlong_guide_6,tccgtgcttccggcgcaggccatgcgcctc,30,apml_long,-246.0,1.311125916,-0.010262614,0,-0.010262614
530,APMLlong_guide_7,ggctcccccgttccgctgctcgccgggaca,30,apml_long,5659.25,-30.16255829,0.23609228,1,0.23609228
531,APMLlong_guide_8,ggctcccctgctggcgcgttcacacgcgcg,30,apml_long,943.25,-5.027315123,0.039350452,0,0.039350452
532,APMLlong_guide_9,cccgagcaccctctccgcgtctgttgggcg,30,apml_long,-538.5,2.870086609,-0.022465113,0,-0.022465113
533,APMLlong_guide_10,agcggatcgggcttgtccccccgccctccg,30,apml_long,-666.5,3.552298468,-0.02780501,0,-0.02780501
534,APMLlong_guide_11,gggaccgctgcccctcatcggcgggcccct,30,apml_long,4855.0,-25.87608261,0.202540623,0,0.202540623
535,APMLlong_guide_12,ggcgacccgctcgatggcgctcgccgctcc,30,apml_long,-892.5,4.756828781,-0.037233266,0,-0.037233266
536,APMLlong_guide_13,cgactgtgggccggcgcgtctcccctccca,30,apml_long,-879.75,4.688874084,-0.036701362,0,-0.036701362
537,APMLlong_guide_14,gacgagctgtggcgccgtgtcccccacccc,30,apml_long,19695.75,-104.9740173,0.821666215,1,0.821666215
538,APMLlong_guide_15,cgactacccatgacggctcctccccggggc,30,apml_long,-129.25,0.688874084,-0.005392044,0,-0.005392044
539,APMLlong_guide_16,cttccgcaccgcccgttcggcaccgaacgg,30,apml_long,-345.25,1.840106596,-0.014403121000000001,0,-0.014403121000000001
540,APMLshort_guide_1,gctggcagcgggtgcattcgagaactgtag,30,apml_short,-1199.0,-0.260482294,-0.013195908000000001,0,-0.013195908000000001
541,APMLshort_guide_2,ctgcggctagctaatggctgggcggataca,30,apml_short,12898.0,2.8020855960000004,0.141952312,1,0.141952312
542,APMLshort_guide_3,gacttcttcccgcactcgaagagtgggggg,30,apml_short,75574.75,16.418585699999998,0.831757675,1,0.831757675
543,APMLshort_guide_4,cgctacttggagcacatgaggtgggccgtc,30,apml_short,57980.5,12.59624158,0.638119556,1,0.638119556
544,APMLshort_guide_5,gggctgtccccttctgaagtaggcgtcaga,30,apml_short,5105.25,1.109113622,0.056187164000000005,0,0.056187164000000005
545,APMLshort_guide_6,gcgcgttggaatcgctcgatctcagtgcga,30,apml_short,1598.0,0.347164892,0.017587207,0,0.017587207
546,APMLshort_guide_7,tggtgagcctcgagcgaagggctatctttc,30,apml_short,5105.0,1.109059309,0.056184412999999996,0,0.056184412999999996
547,APMLshort_guide_8,tggtcttgccgccatcgtaaggggatacgt,30,apml_short,4101.0,0.890940691,0.045134627999999996,0,0.045134627999999996
548,APMLshort_guide_9,agcagccggtctcgtcgtgtgtgaatcgag,30,apml_short,9749.5,2.1180751680000003,0.10730067199999999,0,0.10730067199999999
549,APMLshort_guide_10,agcgggtatgctgcatcctgctggacgatg,30,apml_short,-705.75,-0.153323919,-0.007767316,0,-0.007767316
550,APMLshort_guide_11,gtcgggaagatctagccgtcggtgtcattc,30,apml_short,285.75,0.062079079,0.003144896,0,0.003144896
551,APMLshort_guide_12,cgagtttcacccgatcgagtgtggtgcgat,30,apml_short,58678.5,12.74788182,0.6458015770000001,1,0.6458015770000001
552,APMLshort_guide_13,aagccaggattggcacttatggcctgctgt,30,apml_short,6754.5,1.4674125569999998,0.07433841599999999,0,0.07433841599999999
553,APMLshort_guide_14,cgcaccttgcactggggaatgctggcttaa,30,apml_short,39.25,0.008527048,0.000431976,0,0.000431976
554,APMLshort_guide_15,ggtatgtcagatgatgagctccttgcgacc,30,apml_short,1458.5,0.31685857,0.016051903,0,0.016051903
555,APMLshort_guide_16,agggtgcacttcgatgcccagtgatcttac,30,apml_short,-1581.25,-0.343525961,-0.01740286,0,-0.01740286
556,APMLshort_guide_17,gggctttgatctttacccacgtcggactga,30,apml_short,-1268.5,-0.27558114300000003,-0.013960808,0,-0.013960808
557,APMLshort_guide_18,ccctttgttgccggatggaaaatccggctt,30,apml_short,-642.25,-0.13952856800000002,-0.00706845,0,-0.00706845
558,APMLshort_guide_19,acgtatctggtcgccccgagtgtctttgga,30,apml_short,9405.5,2.043341299,0.10351469,0,0.10351469
559,APMLshort_guide_20,tcgagttggcagccggtttctgttcgcagc,30,apml_short,12251.0,2.6615250919999998,0.134831584,0,0.134831584
560,APMLshort_guide_21,aagtttgctggcttcccagtggttcgtggc,30,apml_short,90861.5,19.73962633,1.0,1,1.0
561,APMLshort_guide_22,tactgttagttccctcggtgcgggtgctca,30,apml_short,-333.5,-0.072452748,-0.0036704209999999997,0,-0.0036704209999999997
562,acyl_guide_1,aagacgcgcgcggtagaacacgaccgcgtc,30,acryl,-1408.75,0.989117079,-0.0063824630000000005,0,-0.0063824630000000005
563,acyl_guide_2,gtggaacccaaggggccaactacgacgcgg,30,acryl,-1313.25,0.9220642440000001,-0.005949792,0,-0.005949792
564,acyl_guide_3,ggggtacagaacccgtggtagcgacccacg,30,acryl,-1523.25,1.069510269,-0.006901215,0,-0.006901215
565,acyl_guide_4,gccctgagcaccaatgccaagcggaggtgg,30,acryl,-1349.5,0.947516237,-0.006114026,0,-0.006114026
566,acyl_guide_5,cgcaggcgacgaatactgtaggcgcgcacg,30,acryl,-1155.75,0.811479726,-0.005236225,0,-0.005236225
567,acyl_guide_6,cacgaggcatgaacggaggacgcgtcgcgt,30,acryl,-990.5,0.6954537479999999,-0.004487545,0,-0.004487545
568,acyl_guide_7,acagaagtggggaaccaggggtcaggccct,30,acryl,-174.0,0.12216956300000001,-0.0007883219999999999,0,-0.0007883219999999999
569,acyl_guide_8,ctcgtcagcgcacgaacgggaggagcagta,30,acryl,-1220.5,0.85694225,-0.00552958,0,-0.00552958
570,acyl_guide_9,ctgcaacaatgacggaggatggggcgcacg,30,acryl,-1151.5,0.8084956990000001,-0.00521697,0,-0.00521697
571,acyl_guide_10,cacctgtcggaacaaagcgggagtgcgcga,30,acryl,-1424.25,1.0,-0.0064526869999999995,0,-0.0064526869999999995
572,acyl_guide_11,cctcgacatacggagatagaggagcgcggg,30,acryl,-1041.25,0.731086537,-0.004717473,0,-0.004717473
573,acyl_guide_12,acacacgcatgcgcgatcggcgaggggtaa,30,acryl,-959.5,0.673687906,-0.004347097,0,-0.004347097
574,acyl_guide_13,gagcagagcgccgggacaggatcgatccag,30,acryl,-1500.75,1.05371248,-0.006799276999999999,0,-0.006799276999999999
575,acyl_guide_14,cacatgggcacgacacggatggcccggaga,30,acryl,-1909.75,1.340881166,-0.008652287,0,-0.008652287
576,acyl_guide_15,catgctacgaaccgaagcgagcgggcaagg,30,acryl,-1402.0,0.9843777429999999,-0.006351882,0,-0.006351882
577,acyl_guide_16,cgtaacggcgagcgcgaaaccgtgaagggc,30,acryl,-1135.0,0.796910655,-0.005142215,0,-0.005142215
578,acyl_guide_17,gcggccgagccagtcgaccggagtaacgag,30,acryl,-1730.25,1.2148499209999999,-0.007839046,0,-0.007839046
579,acyl_guide_18,ccgagagtggggccccagaagtggcgcagc,30,acryl,-1148.5,0.806389328,-0.005203378,0,-0.005203378
580,acyl_guide_19,ggcgggggctggccagcagaagcctggcca,30,acryl,-1129.25,0.792873442,-0.005116164,0,-0.005116164
581,acyl_guide_20,gcgtgcggaggggctccccgcgagcaaaag,30,acryl,-1082.0,0.7596980870000001,-0.004902094,0,-0.004902094
582,acyl_guide_21,acccagggcggtgggaccgaatgtcgcgac,30,acryl,-1330.75,0.934351413,-0.006029077,0,-0.006029077
583,acyl_guide_22,ggattccgggcacgagcacggcaggtagcc,30,acryl,-1213.25,0.851851852,-0.005496733,0,-0.005496733
584,acyl_guide_23,tgggtcgcgacaggtgagccaccaccgggc,30,acryl,-1268.5,0.890644199,-0.005747048,0,-0.005747048
585,acyl_guide_24,cgaggagtgccctaggtgccggcacgccag,30,acryl,-800.5,0.562050202,-0.0036267340000000004,0,-0.0036267340000000004
586,acyl_guide_25,cgcctccaccgtagggacggcggcgtgcaa,30,acryl,-1749.5,1.228365807,-0.00792626,0,-0.00792626
587,acyl_guide_26,acgctcggggccacgagcgtattgagcccg,30,acryl,-2133.5,1.497981394,-0.009666005,0,-0.009666005
588,acyl_guide_27,gcgaaggctcggctagctatcccggatcgc,30,acryl,-2050.5,1.439705108,-0.009289967,0,-0.009289967
589,acyl_guide_28,tgacgcgacccgctgcgggcgcatatcgat,30,acryl,-1645.5,1.155344918,-0.007455079,0,-0.007455079
590,acyl_guide_29,catgcctggtccgtgggcactagacggcca,30,acryl,-1606.5,1.127962085,-0.0072783859999999995,0,-0.0072783859999999995
591,acyl_guide_30,agaggcgggccaggcctgcttaccaggcct,30,acryl,-1088.5,0.764261892,-0.004931543,0,-0.004931543
592,acyl_guide_31,tggggcacaggccgcataatggccgctgcc,30,acryl,-1516.75,1.064946463,-0.006871766,0,-0.006871766
593,acyl_guide_32,gggaacgggtctagcagtggccagcccctc,30,acryl,-994.5,0.698262243,-0.004505668,0,-0.004505668
594,acyl_guide_33,aggctcgagatcccacgcgtggagcggcca,30,acryl,-867.75,0.609268036,-0.003931416,0,-0.003931416
595,acyl_guide_34,caagtgcgaacgcggatccatccggcgccg,30,acryl,-1110.75,0.77988415,-0.005032348,0,-0.005032348
596,acyl_guide_35,cgcgttgagcgcgaagcccgagccaagtca,30,acryl,-743.25,0.521853607,-0.003367358,0,-0.003367358
597,acyl_guide_36,ataaccctgcgctaacacggggagccggac,30,acryl,-744.25,0.522555731,-0.0033718890000000003,0,-0.0033718890000000003
598,acyl_guide_37,ccgtctagaccaagcgccggggcagcaagt,30,acryl,-1600.75,1.123924873,-0.007252336,0,-0.007252336
599,acyl_guide_38,cgctggcttaggagaaacgccagcaccggc,30,acryl,-2372.25,1.6656134809999998,-0.010747683000000001,0,-0.010747683000000001
600,acyl_guide_39,atatcgagtccggcgagggacagatccccc,30,acryl,-2626.0,1.8437774269999998,-0.011897318999999998,0,-0.011897318999999998
601,acyl_guide_40,accacccccgcgattgggtagtagaaacgg,30,acryl,-2207.0,1.5495875019999998,-0.009999003000000001,0,-0.009999003000000001
602,acyl_guide_41,gacccattccgcgcagcacagcgaagatgt,30,acryl,-2485.0,1.744777953,-0.011258506000000001,0,-0.011258506000000001
603,acyl_guide_42,ggcgccgtgggtccaaatgcagcaaccaat,30,acryl,-1677.5,1.177812884,-0.007600058000000001,0,-0.007600058000000001
604,acyl_guide_43,ctcacagaacgctgctaagccgcacgagtg,30,acryl,-1369.5,0.961558715,-0.006204638,0,-0.006204638
605,acyl_guide_44,ggaagcatggaaactcagccgctcgtaacc,30,acryl,-818.75,0.574863963,-0.003709417,0,-0.003709417
606,acyl_guide_45,aactcggagaatctgtcaaccgacgcggac,30,acryl,986.75,-0.6928207829999999,0.004470556,0,0.004470556
607,acyl_guide_46,gaaccgcccacgaatagccgctaagtctga,30,acryl,23187.25,-16.28032298,0.10505183,1,0.10505183
608,acyl_guide_47,agaggaatagcacaaccctcgctccgagct,30,acryl,36646.5,-25.73038441,0.166030119,1,0.166030119
609,acyl_guide_48,agccggtagacccgaactcgagtacacatc,30,acryl,30526.0,-21.43303493,0.13830066800000002,1,0.13830066800000002
610,acyl_guide_49,gcgaccgaatcaagatccggacccagtcat,30,acryl,24405.5,-17.13568545,0.110571216,1,0.110571216
611,acyl_guide_50,cacggtagatccagcctcccaaggccaatg,30,acryl,64741.0,-45.45620502,0.293314667,1,0.293314667
612,acyl_guide_51,cgaatcacgacgatcccacagagctgctcg,30,acryl,28207.75,-19.80533614,0.127797637,1,0.127797637
613,acyl_guide_52,aacactccggaatcggcacgtagcctccta,30,acryl,-3521.5,2.472529401,-0.015954459,0,-0.015954459
614,acyl_guide_53,gtcacccgggcatccaggtaccataacatc,30,acryl,9163.75,-6.434088117000001,0.041517157,1,0.041517157
615,acyl_guide_54,ccacgcatcccctctaaatacggatgccgg,30,acryl,107332.75,-75.3608917,0.486280253,1,0.486280253
616,acyl_guide_55,actcggaccccgtgagccttaaagtcccga,30,acryl,41670.25,-29.25767948,0.188790651,1,0.188790651
617,acyl_guide_56,gttacagccccacaggcgcgcacatgctat,30,acryl,-1365.25,0.958574688,-0.006185383000000001,0,-0.006185383000000001
618,acyl_guide_57,gcatcgccggactaactccgcatagcctag,30,acryl,3011.75,-2.1146217309999997,0.013644992,1,0.013644992
619,acyl_guide_58,aaaaggggcctctcccacccacgttgctgg,30,acryl,13247.0,-9.301035633,0.060016673,1,0.060016673
620,acyl_guide_59,caattcgtccccaccaggccgggttgaagg,30,acryl,-357.5,0.251009303,-0.001619684,0,-0.001619684
621,acyl_guide_60,cggctctgcggtaaacccatagcgcgtacg,30,acryl,-1827.0,1.2827804109999998,-0.008277381,0,-0.008277381
622,acyl_guide_61,agcgcgtcggttctcgagaaccatcacgcg,30,acryl,-1776.75,1.247498684,-0.008049719,0,-0.008049719
623,acyl_guide_62,agggccattgatccagactgcgggcctcac,30,acryl,-3486.25,2.4477795330000003,-0.015794755,0,-0.015794755
624,acyl_guide_63,cacacatgtgggcactcccgtcgctggcga,30,acryl,7693.5,-5.401790416,0.034856063,1,0.034856063
625,acyl_guide_64,tagtagacgggcgccctcagctcccggtac,30,acryl,-2646.25,1.857995436,-0.011989063000000001,0,-0.011989063000000001
626,acyl_guide_65,tcgaccctcaggtcgggcccctaatgcggc,30,acryl,-1208.75,0.848692294,-0.005476346,0,-0.005476346
627,acyl_guide_66,ggagtgccagaccgggtccctcagcctctc,30,acryl,10234.5,-7.185887309,0.046368282000000004,1,0.046368282000000004
628,acyl_guide_67,ctggtagacctccactgccaccggggtccc,30,acryl,-2090.0,1.4674390030000002,-0.009468925,0,-0.009468925
629,acyl_guide_68,cgtcgagccgatggacgtccctgatcccct,30,acryl,703.75,-0.49411971200000004,0.0031884,0,0.0031884
630,acyl_guide_69,cacgcgcctgccgcctgaccgtgatgctac,30,acryl,399.25,-0.280322977,0.001808836,0,0.001808836
631,acyl_guide_70,cacccggcacctgtgatcgctctgccgcgg,30,acryl,-1041.25,0.731086537,-0.004717473,0,-0.004717473
632,acyl_guide_71,tgcagcggatcccgtcccggctacgcctcg,30,acryl,-1691.5,1.187642619,-0.007663486,0,-0.007663486
633,acyl_guide_72,cgggactcctacactcccgggccggattcc,30,acryl,-561.5,0.394242584,-0.002543924,0,-0.002543924
634,acyl_guide_73,cctggggcgccgcaatccttcccgctcgaa,30,acryl,-1214.75,0.852905038,-0.005503529,0,-0.005503529
635,acyl_guide_74,acggcggcaatccgccttcggcgctcctcg,30,acryl,-970.5,0.681411269,-0.004396934,0,-0.004396934
636,acyl_guide_75,gacccgacacgcccggtgtcgtgcgcttcc,30,acryl,-2704.5,1.898894155,-0.01225297,0,-0.01225297
637,acyl_guide_76,ctcggggcgcgctaccgaccccttgagtgc,30,acryl,-2541.25,1.784272424,-0.011513352,0,-0.011513352
638,acyl_guide_77,cagtgatcaggcgcctgcccggtcctcggc,30,acryl,-2428.5,1.7051079519999999,-0.011002528000000001,0,-0.011002528000000001
639,acyl_guide_78,gtcccggggctacccgtgctcgttcccaga,30,acryl,-2164.0,1.519396173,-0.009804188,0,-0.009804188
640,acyl_guide_79,ctgactggcgcctcagcccccgcgattgtg,30,acryl,-1753.0,1.23082324,-0.007942117,0,-0.007942117
641,acyl_guide_80,cgcgtcctgggctccgcaagctcggtgcta,30,acryl,445.75,-0.31297174,0.002019509,0,0.002019509
642,acyl_guide_81,tcgcggcgttgagtgcccactcgccgcagg,30,acryl,-825.75,0.579778831,-0.003741131,0,-0.003741131
643,acyl_guide_82,cggccagtccgcgccggagtgtcgtgcgca,30,acryl,-572.0,0.401614885,-0.002591495,0,-0.002591495
644,acyl_guide_83,ccagaccgacctgcgggctggcgcgttgag,30,acryl,-426.25,0.299280323,-0.0019311620000000002,0,-0.0019311620000000002
645,acyl_guide_84,acctgtgcttggggagcgaccgccgcaggg,30,acryl,37320.0,-26.20326488,0.16908146899999998,1,0.16908146899999998
646,acyl_guide_85,ataggccgcggggcgcctgctagtcgcagg,30,acryl,-1144.25,0.803405301,-0.005184123,0,-0.005184123
647,acyl_guide_86,gggagtgtacgggccaacgtccggtgccgc,30,acryl,-873.5,0.613305248,-0.003957467,0,-0.003957467
648,acyl_guide_87,ggtgccggcgcgagccgtggaccggtccaa,30,acryl,265.5,-0.186413902,0.001202871,0,0.001202871
649,acyl_guide_88,agacgggccttaggcgctgaggcgccgcgc,30,acryl,-937.75,0.658416711,-0.004248557,0,-0.004248557
650,acyl_guide_89,cgaggcgacgctcgacgagccgtgctccgg,30,acryl,-1448.0,1.016675443,-0.006560289,0,-0.006560289
651,acyl_guide_90,tgccgggacgagctgacgtgccccgcagac,30,acryl,-808.0,0.567316131,-0.003660713,0,-0.003660713
652,acyl_guide_91,cgcaagacgcgtccggtggcctcgcagacg,30,acryl,2616.5,-1.837107249,0.011854278000000001,1,0.011854278000000001
653,acyl_guide_92,acgacgctagagctcctcgggccccggagg,30,acryl,-585.25,0.410918027,-0.002651525,0,-0.002651525
654,acyl_guide_93,agcccgggcctagctgcaccaggaatggcg,30,acryl,62562.25,-43.92645252,0.283443653,1,0.283443653
655,acyl_guide_94,gcggcagcgatctggcaaaactccgggggc,30,acryl,35415.75,-24.86624539,0.160454101,1,0.160454101
656,acyl_guide_95,cggaacggtggccatggcatgggcagccaa,30,acryl,5386.75,-3.782166052,0.024405134,1,0.024405134
657,acyl_guide_96,cccaaacggagggggtagtgcgcctggacc,30,acryl,51916.75,-36.45199228,0.2352133,1,0.2352133
658,acyl_guide_76,ggacgaggcgccttcctcgttcgcccagcg,30,acryl,-2410.25,1.69229419,-0.010919845,0,-0.010919845
659,acyl_guide_77,ccccgctatgctgaccgccccgggggttga,30,acryl,-3382.75,2.375109707,-0.01532584,0,-0.01532584
660,acyl_guide_78,ctggtcgcgtgcccgcaggcttaccctacg,30,acryl,-3368.75,2.3652799719999997,-0.015262412,0,-0.015262412
661,acyl_guide_79,agtcccatctctgcgctcctgggcagggcc,30,acryl,-3534.75,2.4818325430000003,-0.016014489,0,-0.016014489
662,acyl_guide_80,gtcgatcagtccgcatcccgccggggtgct,30,acryl,-1659.25,1.164999122,-0.007517375,0,-0.007517375
663,acyl_guide_81,tgctgcggccgctgcccggagctggctcaa,30,acryl,-2895.75,2.033175355,-0.013119444,0,-0.013119444
664,acyl_guide_82,cccggcgagtcgcgactcgcgcgctggagt,30,acryl,-2626.75,1.84430402,-0.011900717,0,-0.011900717
665,acyl_guide_83,gcacggcccagggctcgtggggcgtcacat,30,acryl,-1801.25,1.26470072,-0.008160718,0,-0.008160718
666,acyl_guide_84,caggcgttgacgccccaggcactgtggggg,30,acryl,31893.75,-22.39336493,0.14449737699999998,1,0.14449737699999998
667,acyl_guide_85,agggggctcgggcgtccacgctcaggcgta,30,acryl,-2450.25,1.7203791469999998,-0.011101068,0,-0.011101068
668,acyl_guide_86,tcggccgaagagcctgggccgatggtgccg,30,acryl,-2028.25,1.4240828509999999,-0.009189161,0,-0.009189161
669,acyl_guide_87,aatagcgcggcggtccggcgaccgctgcgg,30,acryl,786.0,-0.551869405,0.0035610409999999996,0,0.0035610409999999996
670,acyl_guide_88,cccctctggagggcgcgagcgtagggagcc,30,acryl,-2930.75,2.0577496930000003,-0.013278015,0,-0.013278015
671,acyl_guide_89,accggccacgcggcccgccgtgtgtggaag,30,acryl,-3662.75,2.571704406,-0.016594404,0,-0.016594404
672,acyl_guide_90,ggcaactccgggggaccgtaccgcatggcc,30,acryl,-3555.0,2.4960505530000003,-0.016106233,0,-0.016106233
673,acyl_guide_91,ggcctatgcgacccgcggacgagcagcgtc,30,acryl,1098.0,-0.77093207,0.004974583,1,0.004974583
674,acyl_guide_92,tcgcaggcaccgcgggcgagcgctcatcga,30,acryl,-3113.25,2.185887309,-0.014104847,0,-0.014104847
675,acyl_guide_93,cgaatacgcccaggtccacgggtagggccg,30,acryl,55846.75,-39.2113393,0.253018503,1,0.253018503
676,acyl_guide_94,gagggggtacgacggaggcgatcatccccc,30,acryl,23625.25,-16.58785326,0.107036227,1,0.107036227
677,acyl_guide_95,cgtcaacggccagggggcaaaacgggttgc,30,acryl,2380.75,-1.671581534,0.010786193000000001,1,0.010786193000000001
678,acyl_guide_96,gtagaggccggattgccacgcccaggacgg,30,acryl,50321.75,-35.33210462,0.227987015,1,0.227987015
679,acyl_guide_97,agcggtgatcgctcggggaagagccgaccg,30,acryl,154792.75,-108.68369320000001,0.701301864,1,0.701301864
680,acyl_guide_98,cccgggcacgagggtggataaccggggcca,30,acryl,6527.0,-4.582762858,0.029571135,1,0.029571135
681,acyl_guide_99,tgatggagcgcaggcaggctccgagggcac,30,acryl,-2106.0,1.4786729859999999,-0.009541414,0,-0.009541414
682,acyl_guide_100,cgcggaggcgtctgccaatcggaagagagc,30,acryl,-3081.5,2.163594874,-0.013961001,0,-0.013961001
683,acyl_guide_101,gggagcgagtgaccacagggtccgcatcga,30,acryl,-2846.0,1.99824469,-0.012894048,0,-0.012894048
684,acyl_guide_102,gttagcgatacgccggggcccgagcgagca,30,acryl,3028.5,-2.126382306,0.01372088,1,0.01372088
685,acyl_guide_103,cacggggtgcccagagagggtaaggtcccg,30,acryl,15051.5,-10.56801826,0.068192115,1,0.068192115
686,acyl_guide_104,gtaattgcgccgacgggagcggagcgccag,30,acryl,-3562.0,2.50096542,-0.016137947,0,-0.016137947
687,acyl_guide_105,ccggaaacgcgcgtggtggaagcgcgtcga,30,acryl,220722.0,-154.9741969,1.0,1,1.0
688,acyl_guide_106,atcctccggggaaggaccgtagggccgcag,30,acryl,55213.5,-38.76671933,0.250149509,1,0.250149509
689,acyl_guide_107,caaagggtcagaggctctacggcgggcccg,30,acryl,-2775.0,1.948393892,-0.012572376000000001,0,-0.012572376000000001
690,acyl_guide_108,tccaggtaacggagcgaggcgcgagtcccg,30,acryl,2801.5,-1.967000176,0.012692436999999999,1,0.012692436999999999
691,acyl_guide_109,gcgcgagcggagtgtatgacacaccggacc,30,acryl,-3086.75,2.167281025,-0.013984786,0,-0.013984786
692,acyl_guide_110,cacgcgaagcgacccaggcagatagggctt,30,acryl,-2713.75,1.905388801,-0.012294878,0,-0.012294878
693,acyl_guide_111,gtagccccacctgtgaggaacggaaccacg,30,acryl,-3230.25,2.268035808,-0.014634925,0,-0.014634925
694,acyl_guide_112,gtgcaagaagcccgaaagcatcgcactccg,30,acryl,-3688.75,2.589959628,-0.016712199,0,-0.016712199
695,acyl_guide_113,ggatcgcccgcgattcacaaccaacgagag,30,acryl,13798.25,-9.688081446,0.062514158,1,0.062514158
696,acyl_guide_114,tgatcaagcaccccataaggcgaacagcgc,30,acryl,-4328.0,3.038792347,-0.019608376,0,-0.019608376
697,acyl_guide_115,cctgaagacagaagcagacgccctcagatc,30,acryl,417.25,-0.29296120800000003,0.001890387,0,0.001890387
698,acyl_guide_116,actagcgcagcgcccaacggaccagaaatc,30,acryl,59048.0,-41.45901352,0.267522041,1,0.267522041
699,acyl_guide_117,acatgagagccaactcggacaagccgcagc,30,acryl,-3125.0,2.194137265,-0.014158081000000001,0,-0.014158081000000001
700,acyl_guide_118,gcggaggtgaagacacaccaccccaagtac,30,acryl,-3593.0,2.5227312619999998,-0.016278395,0,-0.016278395
701,acyl_guide_119,ggcgcagccgaaaccccaaagaaagcttgc,30,acryl,-3113.5,2.18606284,-0.014105979,0,-0.014105979
702,acyl_guide_120,tcctacggcgaagaccaataacggacccgg,30,acryl,-3184.25,2.235738108,-0.014426518000000001,0,-0.014426518000000001
703,acyl_guide_121,cgctcccaacaggtaagagttgagcacgac,30,acryl,-2795.5,1.9627874319999998,-0.012665253000000001,0,-0.012665253000000001
704,acyl_guide_122,agtcaaaccgtgcttggccgaccaagcgaa,30,acryl,-2634.0,1.8493944180000002,-0.011933563000000001,0,-0.011933563000000001
705,acyl_guide_123,gaaccctcgacccaggtgcaaccaggtgta,30,acryl,-2657.25,1.8657187990000001,-0.0120389,0,-0.0120389
706,acyl_guide_124,acggaatccaggcctcccgaagactgtaac,30,acryl,-4908.25,3.446199754,-0.022237249,0,-0.022237249
707,acyl_guide_125,aacgaccgcaccgactattccaggacgtgc,30,acryl,-6511.75,4.572055468,-0.029502043,0,-0.029502043
708,acyl_guide_126,ggagatcgtgaagccactcctccatacagc,30,acryl,-6671.0,4.683868703,-0.030223539,0,-0.030223539
709,acyl_guide_127,atcgttaagagcaagcccaagctgtcccac,30,acryl,-6728.25,4.724065298,-0.030482915,0,-0.030482915
710,acyl_guide_128,gtgcagcaacaccacccttgatcatgagca,30,acryl,-5400.0,3.791469194,-0.024465163999999998,0,-0.024465163999999998
711,acyl_guide_129,gtcacgccggaacgtcccattccaaacaga,30,acryl,-4552.25,3.196243637,-0.02062436,0,-0.02062436
712,acyl_guide_130,ctaaacccggccaccggtgtccacgataag,30,acryl,-2822.0,1.981393716,-0.012785313999999999,0,-0.012785313999999999
713,acyl_guide_131,gcataagccaaacggtcgacgcaacgcctt,30,acryl,-3338.25,2.343865192,-0.015124229,0,-0.015124229
714,acyl_guide_132,cgagacggctaacactctaggcaccgtaac,30,acryl,-3170.25,2.225908373,-0.01436309,0,-0.01436309
715,acyl_guide_133,cgccactcggcacagacatggatctacaca,30,acryl,-3630.5,2.549060909,-0.016448292,0,-0.016448292
716,acyl_guide_134,caacactaatgcaaaacgtcagccgccgtc,30,acryl,-2630.0,1.8465859219999998,-0.011915441,0,-0.011915441
717,acyl_guide_135,gtccataatcccacgaaagtcggacacgcc,30,acryl,-1942.0,1.3635246619999999,-0.008798398,0,-0.008798398
718,acyl_guide_136,gcacaaacaccccctcctgtgcataggaga,30,acryl,-4467.5,3.136738634,-0.020240393,0,-0.020240393
719,acyl_guide_137,ggagacacagctatgctccatccacgagca,30,acryl,-6274.5,4.405476567,-0.028427162000000002,0,-0.028427162000000002
720,acyl_guide_138,tccaagccgtgcgctagcaccggaaaaaca,30,acryl,-7007.75,4.920308935,-0.031749214,0,-0.031749214
721,acyl_guide_139,acggcctcacgcgaacatagaccgcgcaat,30,acryl,-6799.0,4.773740565,-0.030803453999999997,0,-0.030803453999999997
722,acyl_guide_140,tgactagtacagccgaccgccacgaaaccg,30,acryl,-6902.75,4.846585922,-0.031273502,0,-0.031273502
723,acyl_guide_141,ctccccaacgtaacgagagaagtgcccagt,30,acryl,-5018.75,3.5237844480000002,-0.022737878,0,-0.022737878
724,acyl_guide_142,actgtcaagaccggtcccgctgaagccgaa,30,acryl,-3526.5,2.4760400209999998,-0.015977111000000002,0,-0.015977111000000002
725,acyl_guide_143,cgcgcatctgatacgcatcggccagagcta,30,acryl,-3167.75,2.224153063,-0.014351764,0,-0.014351764
726,acyl_guide_144,ctggactgcgactcgggacacttaccacga,30,acryl,-2682.75,1.883622959,-0.01215443,0,-0.01215443
727,acyl_guide_145,gcttaaatactatcccaggggggcaccccc,30,acryl,-2924.75,2.053536949,-0.013250831000000001,0,-0.013250831000000001
728,acyl_guide_146,ataccgacgccgtgcctaccctcaagatgg,30,acryl,-2890.0,2.029138143,-0.013093393,0,-0.013093393
