,Seqs,True-Class0,True-Class1,True-Class2,True-Class3,Predicted-Class0,Predicted-Class1,Predicted-Class2,Predicted-Class3
0,TCAGGGCGCCTCAATATGTG,0.0,0.0,1.0,0.0,2.9658136e-08,0.006149222,0.95250744,0.041343313
1,CTGTCGAAATACATACGTAC,1.0,0.0,0.0,0.0,0.99999154,8.521126e-06,6.617072e-12,4.7695137e-21
2,ACGCCTGTGCACGCTGCCGG,0.0,0.0,0.0,1.0,3.4176985e-25,5.139733e-13,4.781678e-06,0.99999523
3,GCACGTCACCTATCGTACTA,0.0,1.0,0.0,0.0,0.02827018,0.96481067,0.006919118,5.7510237e-09
4,GAAGCACCGCACATCTACAG,0.0,1.0,0.0,0.0,0.108464114,0.87428665,0.017249225,4.1550987e-08
5,CACCCCGAATATAGTTCAAC,1.0,0.0,0.0,0.0,0.99899334,0.0010066163,4.1122355e-08,8.395368e-18
6,CTCTTAAACTCTTAGACTTG,1.0,0.0,0.0,0.0,0.9997969,0.00020311805,1.4869803e-10,1.30772376e-20
7,CATCCCGGGGATTCGCTGCA,0.0,0.0,0.0,1.0,1.93304e-15,1.6903306e-06,0.046706613,0.95329165
8,CCCCGAACTCTGCTACCTAT,0.0,1.0,0.0,0.0,0.1121736,0.7611497,0.12667513,1.5761207e-06
9,GGTTTTGTTCTAAGTGCTTA,0.0,1.0,0.0,0.0,0.0034822733,0.9860867,0.010431016,4.3275033e-08
10,GTGATGCAAAGTAGTTATAA,1.0,0.0,0.0,0.0,0.9998275,0.00017244965,2.2537106e-10,1.8650068e-20
11,GTATTCATAAATACAAACAC,1.0,0.0,0.0,0.0,1.0,9.980837e-11,9.285963e-23,0.0
12,TAGTCACGGTCTTACCTCAT,0.0,1.0,0.0,0.0,0.019131677,0.9353002,0.045568045,8.9044654e-08
13,AACCCTCTTGCATCGTAAGG,0.0,1.0,0.0,0.0,0.012282641,0.97862226,0.0090949945,7.309929e-08
14,CGTTCGAGGGTAAGGGAAGA,0.0,0.0,1.0,0.0,1.9297304e-09,0.0022126646,0.7637811,0.23400627
15,TCGCCAAAATCCACTCGCCT,0.0,1.0,0.0,0.0,0.54080784,0.4558028,0.003389376,8.067454e-09
16,ACAATAGAAGCTACCCTTAA,1.0,0.0,0.0,0.0,0.9999995,4.7524094e-07,2.6642098e-15,8.107868e-28
17,TAACCGCGGGCTATCTGGTT,0.0,0.0,1.0,0.0,2.0567182e-11,3.6408484e-05,0.9243746,0.075589016
18,GACAGTAACGACCGAATACA,1.0,0.0,0.0,0.0,0.9976701,0.0023298273,2.1284373e-08,3.440206e-18
19,CTTGAAGGGGCATCGTAAAC,0.0,1.0,0.0,0.0,0.00034820812,0.6966824,0.30292922,4.0086845e-05
20,GACTAGAAGGCATCAGAGGG,0.0,0.0,1.0,0.0,9.806556e-06,0.48229074,0.51679265,0.0009068587
21,GCAGACGAGAATGCAGCTCC,0.0,0.0,1.0,0.0,7.719817e-08,0.038474694,0.957116,0.004409141
22,GGTCCATGACTTGGCTACGA,0.0,0.0,1.0,0.0,2.0146285e-08,0.010508065,0.984203,0.00528898
23,TGTAATTCCGTGTGGGGGCG,0.0,0.0,0.0,1.0,2.6774215e-21,2.341287e-10,0.001667849,0.9983322
24,CTCTCATGGGCAGTCTAAAC,0.0,1.0,0.0,0.0,0.012105123,0.899703,0.08818881,2.9506114e-06
25,CCTAGTCGACTGACGTTCGT,0.0,0.0,1.0,0.0,2.0816447e-08,0.02288017,0.89076513,0.08635458
26,TCACACTGCGTCGTGTGAGC,0.0,0.0,0.0,1.0,4.6629783e-12,9.158404e-06,0.4699801,0.5300107
27,TTTCCCAAGGGTTCTACACC,0.0,1.0,0.0,0.0,0.0028425308,0.8453311,0.15182589,4.7140207e-07
28,TCGTCGACACAGGTTGGCCC,0.0,0.0,0.0,1.0,1.0414508e-14,1.6538706e-06,0.048322614,0.9516758
29,CCCGTCTGGAGGGGCTTGTT,0.0,0.0,0.0,1.0,1.534244e-26,7.830421e-14,1.145989e-05,0.99998856
30,GTTCGAACAAAGAAGGACGT,1.0,0.0,0.0,0.0,0.47221208,0.52737576,0.00041213472,1.4300769e-11
31,TGAATGCCCACCCAAAGTTC,1.0,0.0,0.0,0.0,0.8998207,0.09937494,0.0008043655,4.451593e-11
32,CACATATGGTTCACCTCTGT,0.0,1.0,0.0,0.0,0.0872238,0.90880793,0.0039682416,6.928815e-09
33,GGAGAGTTTCGGGTGATCGC,0.0,0.0,0.0,1.0,2.9699109e-22,5.9481e-11,7.227433e-05,0.99992776
34,GGGAATAATCTGGCGAACCG,0.0,0.0,1.0,0.0,4.4117064e-06,0.16488697,0.8208224,0.014286203
35,ATGGAGGGAAGGGGCTCCAA,0.0,0.0,0.0,1.0,8.187186e-15,3.4502107e-06,0.050933152,0.94906336
36,GAGACAAAGGCCCCTTATGT,0.0,1.0,0.0,0.0,0.016619649,0.9442272,0.039150905,2.1171184e-06
37,ACCGCGGCGGGTCAGAAGAG,0.0,0.0,0.0,1.0,3.960777e-21,7.97594e-10,0.002615904,0.99738413
38,CTAGGAAGGACTTCAATTTA,1.0,0.0,0.0,0.0,0.99894136,0.0010586047,2.0480995e-08,3.2390292e-18
39,AGAGCATAGATCGACAGCAG,0.0,1.0,0.0,0.0,0.23882948,0.73855776,0.02261267,3.2725897e-08
40,TTGCGAATTGGAAATATTGA,1.0,0.0,0.0,0.0,0.9995797,0.00042033396,1.9316917e-09,8.196939e-19
41,CTGGCGGGGCTCGTTAGTCA,0.0,0.0,0.0,1.0,6.944612e-23,8.187123e-12,3.7137586e-05,0.9999628
42,CTTCCACCATCTCCACAGTT,1.0,0.0,0.0,0.0,0.8625519,0.13735718,9.092855e-05,3.8540486e-12
43,AGCATAGAAAGATCATAGCC,1.0,0.0,0.0,0.0,0.99716336,0.002836596,5.8448235e-10,1.7407833e-20
44,CTCTAAAGAGGTCCTCTTCA,1.0,0.0,0.0,0.0,0.35211658,0.6475558,0.00032761478,4.81607e-10
45,AATTACCGCCACCTCGCGAT,0.0,1.0,0.0,0.0,0.008776713,0.9667459,0.02447364,3.7288667e-06
46,CTCCTGCAGACTATCAATAG,1.0,0.0,0.0,0.0,0.9861413,0.0138555495,3.2099251e-06,4.0763962e-14
47,TGAGTGTGACTCAGGAGACC,0.0,0.0,1.0,0.0,6.245214e-09,0.0038072579,0.98291147,0.013281205
48,TTGATGACCGCTGGAGCGAG,0.0,0.0,0.0,1.0,7.2592404e-14,5.749624e-06,0.23795809,0.76203614
49,CAGACACTGTGCAGAGCCTT,0.0,0.0,1.0,0.0,3.9183265e-05,0.28123832,0.7168055,0.0019169907
50,CCCGGGCTATAAGTTCCCTA,0.0,0.0,1.0,0.0,5.6010755e-05,0.3393602,0.6595446,0.0010391341
51,AATTCAGAACGAACAAGATT,1.0,0.0,0.0,0.0,0.9999999,9.084653e-08,1.0546632e-17,6.325762e-31
52,GCGATACGGTGAAAGTACAT,0.0,1.0,0.0,0.0,0.03603287,0.9374264,0.026540548,2.0191433e-07
53,AGACGGAGTTGTTATCCTTC,0.0,1.0,0.0,0.0,0.00061227684,0.15978979,0.8394252,0.00017273298
54,GGGCTGAGATCTAGGGACCA,0.0,0.0,0.0,1.0,2.3372322e-12,8.44933e-05,0.18255748,0.8173581
55,AAATGCGATCGGTAATGTAT,1.0,0.0,0.0,0.0,0.850604,0.14938854,7.460154e-06,6.195102e-14
56,GCCTCCCCGGCTGTCTAGTT,0.0,0.0,0.0,1.0,1.35641375e-17,8.841089e-08,0.017415667,0.9825843
57,GTTCCGGTTTATTAATTGAC,1.0,0.0,0.0,0.0,0.5522792,0.44713265,0.0005881552,1.432476e-11
58,CTGATTGTATTTGTGAAAAT,1.0,0.0,0.0,0.0,0.9998049,0.00019508693,1.2100625e-10,7.735605e-21
59,GCAAGATTGTTACGATATCC,1.0,0.0,0.0,0.0,0.8493932,0.15040015,0.00020665277,2.15055e-12
60,GCCTCATCAATATCGTCAGG,0.0,1.0,0.0,0.0,0.007984498,0.9863462,0.005669273,2.0919133e-08
61,CTGAGGCTCTTGTTCACTTC,0.0,0.0,1.0,0.0,2.2432164e-06,0.06264498,0.93102926,0.0063234707
62,GCCTCAAGTCCGAGACAGGC,0.0,0.0,1.0,0.0,5.372163e-09,0.004709725,0.9229024,0.0723878
63,ACTCTCCCTATCCATGGAGA,0.0,1.0,0.0,0.0,0.627628,0.36944824,0.0029236805,3.3904384e-09
64,AACCAAACGAAGTGACAAGC,1.0,0.0,0.0,0.0,0.99994576,5.4296615e-05,1.4756195e-10,2.9880801e-21
65,ATAGCTAAATGAGCCCTCGG,0.0,1.0,0.0,0.0,0.0062290113,0.98363805,0.010132344,5.340928e-07
66,TTGAGGACTAACCCGTAACA,1.0,0.0,0.0,0.0,0.98489386,0.01509336,1.2851164e-05,4.8129686e-13
67,GGGGAAGCTGAAGTTAGCGT,0.0,0.0,0.0,1.0,3.630162e-13,1.434362e-05,0.041375186,0.9586104
68,AGACTGACCCCGGTTCACTG,0.0,0.0,1.0,0.0,7.156775e-08,0.0030448367,0.8677338,0.12922126
69,TGCTATTGAGCTTCGCATAC,0.0,1.0,0.0,0.0,0.008428889,0.97199667,0.019574303,1.1590943e-07
70,ATACACCCAAGAACCATATT,1.0,0.0,0.0,0.0,0.9999999,8.305565e-08,3.6824145e-17,1.015969e-29
71,AATCACGATCATAGTCTATA,1.0,0.0,0.0,0.0,0.9999999,9.1014236e-08,1.251781e-15,2.271298e-28
72,GCCCCCACAATGTAACCAAG,1.0,0.0,0.0,0.0,0.7037391,0.29588425,0.00037668704,9.381878e-12
73,GAAGCGCGATATGGGAATAG,0.0,0.0,1.0,0.0,2.8103423e-05,0.15907723,0.83941114,0.0014836211
74,GCCGCCGGGCTTGTAGAAGA,0.0,0.0,0.0,1.0,3.3975937e-17,4.1499658e-07,0.06437363,0.935626
75,ACTGAGCACCTGCTATTTAG,0.0,1.0,0.0,0.0,0.29825905,0.6953402,0.00640072,3.1010888e-08
76,CTCTATTCTATATTTTACGG,1.0,0.0,0.0,0.0,0.9991091,0.0008908715,1.0451171e-09,3.1369313e-19
77,TGCAAGACGATTGTGCTACT,0.0,1.0,0.0,0.0,0.008147749,0.44288972,0.5489581,4.407829e-06
78,ACGGAGAGACTGGTAAACTC,0.0,1.0,0.0,0.0,0.012541127,0.9363844,0.051073294,1.123825e-06
79,CTATTCCGCCCGGGCCATAT,0.0,0.0,1.0,0.0,5.3737867e-08,0.0066758865,0.855738,0.13758598
80,AGGCGAGCACGAAAGCATTT,0.0,1.0,0.0,0.0,0.016767383,0.9526382,0.030593008,1.3144436e-06
81,GGGGAGCAATGCCGGGCAAC,0.0,0.0,0.0,1.0,3.61566e-21,1.1928229e-10,0.00026398982,0.999736
82,CTCCGTCACGAAGAGCTAAT,0.0,1.0,0.0,0.0,0.27500433,0.7193864,0.005609192,3.6886195e-08
83,ACATACAAAAAAAACGTAGC,1.0,0.0,0.0,0.0,1.0,4.064189e-11,5.0373982e-23,0.0
84,CCGGGAAAGAGTTTCGTGCC,0.0,0.0,0.0,1.0,1.1424562e-13,2.5286003e-05,0.30427286,0.69570184
85,TTACGATGGTGAGGTGTTTA,0.0,0.0,1.0,0.0,5.8242754e-06,0.01645719,0.98264056,0.00089637015
86,TAAGCGCCCGGGTTCAAGTA,0.0,0.0,1.0,0.0,4.590952e-08,0.023103261,0.9740849,0.002811715
87,TCTGCGTTCCATGCACGGGT,0.0,0.0,0.0,1.0,7.659287e-13,5.564679e-05,0.20967652,0.7902679
88,TTAGACTGCCCCCACCATGG,0.0,0.0,1.0,0.0,7.516908e-06,0.2561622,0.74150544,0.0023248873
89,GCGACTCACTGATAACAGCT,0.0,1.0,0.0,0.0,0.012552986,0.9871057,0.00034121805,8.554845e-10
90,CCTCTTATGGGGAGCCACTG,0.0,0.0,0.0,1.0,8.67109e-12,0.00014426689,0.45516413,0.54469156
91,CCAAGTCGCATGGTACTGGG,0.0,0.0,0.0,1.0,2.4071781e-11,3.8165326e-05,0.2252702,0.7746917
92,CGGAGATACCTGTGGATCGT,0.0,0.0,1.0,0.0,2.422087e-10,0.002532594,0.5404238,0.4570436
93,GCGGTACTTGTTGCAAGCAC,0.0,0.0,1.0,0.0,2.2115492e-08,0.0070759663,0.9694421,0.023481864
94,CCCGGAAGTGGGCGGTGGAA,0.0,0.0,0.0,1.0,5.0837694e-26,4.494095e-14,9.562686e-06,0.99999046
95,AAGAGAAGAGCTGGACACGC,0.0,1.0,0.0,0.0,0.00063169136,0.52411854,0.4750693,0.00018053302
96,TAGGTCGTGCACCTTCCCAT,0.0,0.0,1.0,0.0,1.0187848e-07,0.015573559,0.968256,0.016170343
97,GTCGCAGTCTCTACAGCTAA,0.0,1.0,0.0,0.0,0.0035872792,0.9885555,0.007857166,1.45290056e-08
98,GTAACGTGAGCACTAGTCAA,1.0,0.0,0.0,0.0,0.33858678,0.65810186,0.003311412,1.3816838e-09
99,ATAACGTCTCTAATACAATG,1.0,0.0,0.0,0.0,1.0,3.091151e-08,6.753287e-17,1.6692325e-29
100,AAAGCAAAAGGTAAGCCCCC,1.0,0.0,0.0,0.0,0.8118701,0.18809421,3.567307e-05,7.462036e-14
101,GTCTAATGTTATAACGTTCC,1.0,0.0,0.0,0.0,0.9814957,0.018504,3.6602952e-07,4.662471e-16
102,GTGTGGTAGCGGGTCACACG,0.0,0.0,0.0,1.0,1.2833787e-23,3.7563216e-12,2.2899167e-05,0.9999771
103,GAGAGGGGTGGGATCTCTGT,0.0,0.0,0.0,1.0,7.2907402e-25,1.550952e-12,2.6980055e-05,0.99997306
104,GATCCGACTCGGCCGTCTGC,0.0,0.0,0.0,1.0,2.596379e-20,5.783732e-10,0.000698108,0.9993019
105,GTAACGAGCCGAACGAAATC,1.0,0.0,0.0,0.0,0.21606591,0.7833031,0.00063105207,4.098116e-10
106,TAACGTTCCATCTCATACCG,1.0,0.0,0.0,0.0,0.8601265,0.13971807,0.00015540188,2.3348822e-13
107,TTTGGTCCATGAGGCGATTG,0.0,0.0,1.0,0.0,6.677581e-10,0.007239559,0.8777086,0.115051866
108,TGTCACGGAGGTAATAAGAC,0.0,1.0,0.0,0.0,0.070342906,0.9127794,0.016877718,8.430387e-09
109,AAATAATCTTTCGCCCCTTC,1.0,0.0,0.0,0.0,0.9992275,0.0007724418,7.4225395e-09,1.7242115e-17
110,GAAATATTATTCGTGAGGAA,1.0,0.0,0.0,0.0,0.99997556,2.4459969e-05,3.8362098e-11,4.079718e-21
111,CGTGACAGCGCTCAGCATAG,0.0,0.0,1.0,0.0,1.8529938e-07,0.018834334,0.91752577,0.06363973
112,CCTGCCCATGCACCGTACGT,0.0,0.0,1.0,0.0,5.024996e-10,0.0031936269,0.81890523,0.17790115
113,TTCTGTCGTGAGAACCTCAA,0.0,1.0,0.0,0.0,0.11586926,0.8618555,0.022275249,8.560458e-09
114,AGGCGTCACTAGGATTATTG,0.0,1.0,0.0,0.0,0.0219116,0.5495725,0.42848766,2.8138484e-05
115,GACCAAATCTAACTGAGAGT,1.0,0.0,0.0,0.0,0.99932206,0.0006779869,5.258799e-09,2.3827763e-18
116,TTCACAGCTGGTACTCCTGG,0.0,0.0,1.0,0.0,2.0479714e-08,0.01502384,0.963293,0.021683136
117,ACTTGAGAGCACTGCTTATA,1.0,0.0,0.0,0.0,0.7771992,0.22274172,5.9073718e-05,2.423112e-12
118,TTTCCAAATAGAAAAATTGA,1.0,0.0,0.0,0.0,1.0,5.236836e-12,3.3322214e-24,0.0
119,GACGCAGCGTAGTGAGCGAC,0.0,0.0,0.0,1.0,4.123732e-15,6.4721776e-06,0.27792752,0.72206604
120,AAGGTTGCTACTTCAGCTGG,0.0,0.0,1.0,0.0,2.0047391e-06,0.4013628,0.5927706,0.005864666
121,GCTATGAGTCCAATCCCACA,1.0,0.0,0.0,0.0,0.7295759,0.27000064,0.00042346655,2.581319e-10
122,ATATCTGAATGACTATCATG,1.0,0.0,0.0,0.0,0.99997246,2.7497037e-05,4.1011643e-12,3.9143215e-23
123,AAGCGTAGAGGCCTCTACAG,0.0,0.0,1.0,0.0,3.312744e-05,0.11455719,0.8771677,0.008242027
124,TGTAGGCTGAATTCGGAGGA,0.0,0.0,1.0,0.0,2.5910618e-08,0.012361419,0.97874445,0.0088941585
125,ACCTGTGTTCACGTGTAGTG,0.0,0.0,1.0,0.0,2.2469615e-07,0.02638934,0.9464404,0.027170066
126,GCTACATTGTCAGCACCTAA,1.0,0.0,0.0,0.0,0.9767079,0.023289887,2.2217885e-06,1.02613894e-13
127,ATTACTTTAATCACATTGGA,1.0,0.0,0.0,0.0,0.9999999,7.021241e-08,1.2520184e-17,7.6065534e-31
128,AGCCCCTGACAGAAAGTTAT,1.0,0.0,0.0,0.0,0.9799682,0.020028638,3.110829e-06,2.28034e-13
129,TTGCAAACGGTAGTTTTCTC,0.0,1.0,0.0,0.0,0.22815666,0.6807784,0.09106482,1.7357898e-07
130,TGATAGCCGCATGATGGTCT,0.0,0.0,1.0,0.0,5.1922814e-07,0.037758015,0.9572956,0.0049458845
131,CCGACGCACTCCTCGGCACA,0.0,0.0,1.0,0.0,7.866308e-10,0.0045824675,0.3753103,0.62010723
132,GGGGCCTAGGTATCTGTCGG,0.0,0.0,0.0,1.0,3.0896258e-25,1.9834247e-12,8.089523e-06,0.9999919
133,CCAATTAACTTAGCTCAGAC,1.0,0.0,0.0,0.0,0.9999683,3.1700027e-05,3.225205e-11,8.283369e-21
134,TGACCCCTCATCAATTGGAT,1.0,0.0,0.0,0.0,0.90720147,0.09245149,0.00034699854,2.3821067e-11
135,TCGGCGTCTGACGAATTGGG,0.0,0.0,0.0,1.0,4.615903e-15,9.091131e-07,0.023446396,0.97655267
136,AAGACTGTATGAGTGACAAA,1.0,0.0,0.0,0.0,0.99950695,0.00049303204,8.461159e-10,3.872594e-19
137,TTAATATGTGGTCACATGGC,0.0,1.0,0.0,0.0,0.029098682,0.93853575,0.032365635,2.8074597e-08
138,GAAAGGATCACATCGTCCGT,0.0,1.0,0.0,0.0,0.0006916707,0.9738269,0.025480026,1.3692813e-06
139,TCAGTATGCACACTTGATAG,1.0,0.0,0.0,0.0,0.9318967,0.06804754,5.577487e-05,1.5809154e-12
140,TCGGGAGCAACGTCCCGCGA,0.0,0.0,0.0,1.0,3.3254477e-17,1.7860226e-07,0.017792983,0.9822068
141,AGTTACTAGATGCTGACACA,1.0,0.0,0.0,0.0,0.9913874,0.008610991,1.5308074e-06,1.1727348e-14
142,GACTTCAAGGGTAGGAGTTA,0.0,1.0,0.0,0.0,0.0009234452,0.69648224,0.30257916,1.5205048e-05
143,CGACCCTGCCGTCCACCTCA,0.0,0.0,1.0,0.0,1.460043e-10,0.0006552421,0.32238972,0.67695504
144,AACATGATGTGCGATAACGC,1.0,0.0,0.0,0.0,0.16673735,0.83199453,0.0012681176,5.343522e-10
145,TGGTGTGCATGAATCCTAAT,0.0,1.0,0.0,0.0,0.03902932,0.946875,0.014095598,4.561582e-08
146,CTAGACGGTTTCTGCGTGTG,0.0,0.0,0.0,1.0,2.3164628e-14,3.5149296e-06,0.05006201,0.9499344
147,CCCCATGTACTTGATTTAAT,1.0,0.0,0.0,0.0,0.9979081,0.0020918695,3.6209535e-08,9.768863e-18
148,CAACAATGAAACCCATATAC,1.0,0.0,0.0,0.0,1.0,2.1634669e-10,8.321515e-20,1.0028291e-33
149,TGCGGGAGCAGTACGGTGCC,0.0,0.0,0.0,1.0,4.9844395e-26,5.829729e-13,0.00012637128,0.99987364
150,CCGTCTGAATCTAGTGGTAG,0.0,0.0,1.0,0.0,3.5153233e-05,0.27101892,0.72445226,0.004493651
151,GACATCGTAAAGGCTATACG,1.0,0.0,0.0,0.0,0.19026631,0.80851567,0.0012179642,2.6895364e-10
152,AAGCAACCCGGTGGGCTAGG,0.0,0.0,0.0,1.0,2.0911653e-15,1.0268054e-07,0.0052038576,0.9947961
153,TCCGTAGGTGGGCAAGTCCG,0.0,0.0,0.0,1.0,1.1969472e-20,2.9340468e-09,0.00792421,0.9920758
154,AGATGAGTGAGGTGGAGCCG,0.0,0.0,0.0,1.0,1.2239087e-19,3.307269e-09,0.0015870889,0.99841285
155,GCCGCTTTTGCCTATTACAT,0.0,1.0,0.0,0.0,0.0007988247,0.9919436,0.0072576636,2.901194e-08
156,ATGAGTCCCTGTCTAGCCGT,0.0,0.0,1.0,0.0,3.167296e-09,0.012599284,0.84583443,0.14156626
157,CAGTCTTTGGCGTAACTCTT,0.0,1.0,0.0,0.0,0.00068205706,0.806924,0.19236504,2.8919867e-05
158,GCCCCGGATAAAAATAGCGT,0.0,1.0,0.0,0.0,0.026517568,0.97131234,0.0021700931,3.387483e-09
159,GGAAAAATAGGAACGACAAT,1.0,0.0,0.0,0.0,0.9999908,9.236921e-06,2.022761e-13,1.3823558e-24
160,AAACGGCAACACCTTACTCA,1.0,0.0,0.0,0.0,0.99983704,0.00016290919,3.148952e-10,3.100999e-19
161,TGTGGGCGCCTAGGGTCGAC,0.0,0.0,0.0,1.0,1.5203316e-28,2.6340793e-15,2.5886973e-06,0.9999974
162,GCTTAGTGCTCGGTAGTGCT,0.0,0.0,0.0,1.0,1.5451602e-14,3.4628956e-06,0.025142102,0.97485447
163,TGTCTGGCACAAGTTCGGTC,0.0,0.0,1.0,0.0,7.2593958e-09,0.0014195903,0.8792521,0.119328305
164,GGGCGTGTCGAGCCATAGGA,0.0,0.0,0.0,1.0,7.8348376e-19,5.716135e-09,0.0020274548,0.99797255
165,CGTTGTCGTCGGGCATGTCG,0.0,0.0,0.0,1.0,1.538053e-24,4.4822016e-13,4.846567e-06,0.9999951
166,GAAGCGACCACCTACGGGTT,0.0,0.0,1.0,0.0,2.4539624e-08,0.038251817,0.93916863,0.022579478
167,GACCGACTCTAGGCAGAATC,0.0,1.0,0.0,0.0,0.0013639617,0.56901246,0.4296146,8.958556e-06
168,TCCGGCTTTCGCGATAGAGT,0.0,0.0,1.0,0.0,3.8981787e-10,0.0041598724,0.67784864,0.3179915
169,CGCATTTATTGCCATATGAT,1.0,0.0,0.0,0.0,0.97480065,0.025198802,5.2561467e-07,7.659771e-15
170,GAGCGTCCCTAGCGGGAACT,0.0,0.0,0.0,1.0,6.8450993e-16,7.492082e-07,0.037975598,0.9620237
171,AGCTGAGTACACGGCAGGAC,0.0,0.0,1.0,0.0,7.1199416e-08,0.029903168,0.92425597,0.045840792
172,ACACCGATAAAAGGTGCTAA,1.0,0.0,0.0,0.0,0.99994993,5.002093e-05,1.14206e-10,4.2094863e-20
173,AGACGCGGCTGGATCGCGCC,0.0,0.0,0.0,1.0,6.891585e-27,7.043176e-14,1.3491476e-05,0.9999865
174,CACGTCGGATACGCCATCCT,0.0,0.0,1.0,0.0,1.2856292e-07,0.08543492,0.9018878,0.012677119
175,TTGGGCTAGGTCCCTTTGTT,0.0,0.0,0.0,1.0,2.641524e-13,2.3395647e-05,0.3015462,0.6984305
176,TTATGAGGTTGAGTCGAGTG,0.0,0.0,1.0,0.0,4.9901114e-09,0.0028515654,0.96630836,0.030840075
177,CCATGATTCGACTTAGGTGC,0.0,0.0,1.0,0.0,0.00075321214,0.66746277,0.33153412,0.00024993834
178,GGCGGCAGCGCCAAGAGAGG,0.0,0.0,0.0,1.0,2.4480623e-23,4.209758e-12,5.050369e-05,0.99994946
179,CGGGCAGAGACGACTACGTA,0.0,0.0,1.0,0.0,5.4938308e-08,0.0089893835,0.8581948,0.13281581
180,TGCTGAATAGCATACGCAAA,1.0,0.0,0.0,0.0,0.9947227,0.0052772975,8.113766e-09,8.841329e-19
181,CCCGTTGGATGTTTCAGTCC,0.0,0.0,1.0,0.0,3.4383385e-11,0.0034657544,0.86640316,0.13013104
182,CTGGATCTTATTTGGTGAGG,0.0,0.0,1.0,0.0,8.510323e-07,0.016422879,0.95244426,0.031132057
183,CGACTAGTGGGCCACAGACA,0.0,0.0,1.0,0.0,2.8107348e-07,0.017027127,0.96960807,0.013364514
184,CCCTGGTGCGGTCTACATTT,0.0,0.0,1.0,0.0,2.044664e-10,0.0013665283,0.592416,0.40621752
185,AGAAGCAGAGTTCCCTTCGG,0.0,0.0,1.0,0.0,5.1849145e-08,0.013426394,0.97562635,0.010947159
186,TCTGCGCCCATGGGTGTACT,0.0,0.0,0.0,1.0,8.5280876e-16,8.929563e-07,0.072817266,0.92718184
187,GGGAGTGAACAGTTGTTGGT,0.0,0.0,0.0,1.0,1.5809324e-12,0.0002625433,0.18011218,0.81962526
188,GACGAGTAGAAAAGAAACTA,1.0,0.0,0.0,0.0,0.99999535,4.646506e-06,1.6897074e-13,2.6985616e-26
189,GTCTTGTAGATCAAGCAGAA,1.0,0.0,0.0,0.0,0.95829415,0.041703045,2.9110304e-06,9.633417e-15
190,AGGGTCGCGGCGGACCTGTC,0.0,0.0,0.0,1.0,3.984012e-31,7.3036594e-17,1.7843719e-07,0.9999999
191,CGTCACGTGGAATGCACAAC,0.0,1.0,0.0,0.0,0.00047554725,0.56775934,0.43170407,6.1032217e-05
192,TCTGCCTGTTACAAATGCGG,0.0,0.0,1.0,0.0,0.0012217619,0.6794578,0.3192952,2.5295296e-05
193,GTTTTAAGTTGGGCGGTATC,0.0,0.0,1.0,0.0,1.3780861e-08,0.0035340444,0.9786944,0.017771581
194,CATACTATCAGCATTTACTG,1.0,0.0,0.0,0.0,0.99980086,0.0001991896,1.5059153e-10,1.0345302e-20
195,GCTCCTATTTACCCATAGAC,1.0,0.0,0.0,0.0,0.9859061,0.014092477,1.4540623e-06,1.17872055e-14
196,TCAACTATCTGGTGTGGCAC,0.0,0.0,1.0,0.0,2.1327362e-06,0.07139897,0.92832845,0.00027046687
197,GATGTCCAGTCAGAGGCGTG,0.0,0.0,0.0,1.0,9.418287e-14,9.325943e-06,0.09658333,0.90340734
198,TTAGAAGGTATGCCAAAGAG,1.0,0.0,0.0,0.0,0.9737594,0.026217958,2.2654178e-05,3.8630462e-13
199,ATCGTCGCATCCGCATCCTT,0.0,0.0,1.0,0.0,4.6314948e-05,0.5462031,0.45355293,0.0001976652
200,CGGGACGGGCTCAGTTAAAT,0.0,0.0,1.0,0.0,1.5043709e-08,0.0024131353,0.6338362,0.36375067
201,ACGTTCAAGTTGGCCAATTT,1.0,0.0,0.0,0.0,0.62132186,0.37822714,0.0004510164,2.2771239e-10
202,CTCCCGAGACAGGTGAGAAT,0.0,0.0,1.0,0.0,0.00036284953,0.15225834,0.84637874,0.0010001075
203,CCAGCTGAAGTCACCCGTCT,0.0,0.0,1.0,0.0,1.7352763e-06,0.26177853,0.73394996,0.0042696935
204,GCTAAAGTTAACTCCAGCCA,1.0,0.0,0.0,0.0,0.9583261,0.041673187,6.936124e-07,2.4614303e-15
205,GCGAGACGAGCCGCTCGGGG,0.0,0.0,0.0,1.0,7.200171e-32,2.7318434e-18,3.943541e-09,1.0
206,GCCACTATTAATGTTCGATT,1.0,0.0,0.0,0.0,0.99613094,0.0038683314,6.6626177e-07,1.4609635e-15
207,GAATTGCGCATTCATGCTTG,0.0,1.0,0.0,0.0,0.00039137233,0.25260612,0.74695015,5.23529e-05
208,ATGTTCTGCTGATTGGTTAT,0.0,1.0,0.0,0.0,0.0024096877,0.973245,0.024343217,2.107229e-06
209,TCAGGCCGCATTGAAGAAAG,0.0,1.0,0.0,0.0,0.013950171,0.69650817,0.28954118,4.868256e-07
210,CGAGATAGCGGGGTAAGCAA,0.0,0.0,1.0,0.0,4.9284546e-07,0.01067718,0.977371,0.011951359
211,GGGCATCGAGGGGCCGGGAG,0.0,0.0,0.0,1.0,2.3302635e-38,5.126438e-22,8.771777e-11,1.0
212,AGTGAGTGATTTCCTAACCG,0.0,1.0,0.0,0.0,0.0039466103,0.9545426,0.041508976,1.856658e-06
213,CCTGACTACTCGATAGATAA,1.0,0.0,0.0,0.0,0.9994436,0.0005564006,3.932439e-10,1.1397187e-19
214,CGACCTCAAAACTCCAAGAA,1.0,0.0,0.0,0.0,0.9999937,6.3303296e-06,2.1952739e-13,1.6890636e-24
215,CATTGCGGATACTCTTTTAC,1.0,0.0,0.0,0.0,0.49058637,0.5086186,0.0007949898,3.992822e-10
216,CTTGCAGAGAGCATATCGTG,0.0,0.0,1.0,0.0,0.0003025382,0.31419808,0.68537825,0.00012119636
217,GGTAGCCTTGCCAACCATTC,0.0,0.0,1.0,0.0,0.00013848758,0.5147119,0.48499328,0.0001563122
218,CGATCCCGGAACTATCCATC,0.0,1.0,0.0,0.0,0.08432353,0.6519878,0.2636839,4.7831927e-06
219,ATACTATGCTCTTTTGTTCC,1.0,0.0,0.0,0.0,0.88692117,0.11291858,0.0001601788,5.896135e-12
220,AATCCAGGACCCCTTCGTTG,0.0,0.0,1.0,0.0,0.0005038503,0.20764631,0.7903603,0.0014895804
221,AGGTAAGAAAGTCACCTATT,1.0,0.0,0.0,0.0,0.99892575,0.0010742669,2.6566405e-09,8.845692e-19
222,AAGCAAGACTTGGCGCCCCA,0.0,0.0,1.0,0.0,1.543632e-05,0.1701851,0.8267856,0.0030138548
223,ACACTCTCCATTTCAACCAT,1.0,0.0,0.0,0.0,0.9999076,9.2389586e-05,3.414889e-11,2.7817977e-22
224,CCTGGATAGCCTCCGTCTTC,0.0,0.0,1.0,0.0,8.009625e-11,0.0005066393,0.7792816,0.22021168
225,ATTCATTGACTCTCGGTACA,1.0,0.0,0.0,0.0,0.87359345,0.12640199,4.628039e-06,2.4132725e-13
226,GGGGTCTATGTTACATCCAT,0.0,1.0,0.0,0.0,0.0003954566,0.7658801,0.23370343,2.1069234e-05
227,GAATTACTAGCACTCAGCAG,1.0,0.0,0.0,0.0,0.95727026,0.042714905,1.4850228e-05,1.9881815e-12
228,GAGATCTTCACTCACTTTGC,0.0,1.0,0.0,0.0,0.022122959,0.97058487,0.007292119,1.4471629e-08
229,CCAGTCAGTAATTTAGCCAC,1.0,0.0,0.0,0.0,0.87541884,0.124407716,0.00017342319,2.9955834e-12
230,AAGTTTTATTGGACATATAA,1.0,0.0,0.0,0.0,1.0,1.0100675e-08,3.6022045e-18,1.8770244e-31
231,TCCCATGAAAAGGCCCAATG,1.0,0.0,0.0,0.0,0.7481052,0.25110233,0.00079246686,2.9920587e-11
232,GTACGCGATATTCGGGCCCT,0.0,0.0,0.0,1.0,2.1100245e-14,1.6508642e-05,0.44462192,0.5553615
233,AAAATGCACCGAGACGTTAA,1.0,0.0,0.0,0.0,0.99926955,0.0007304048,8.826829e-10,1.1260172e-18
234,GATATAACACCCGCTGAAGT,1.0,0.0,0.0,0.0,0.8969318,0.103065245,2.918763e-06,4.0794093e-13
235,CACTGCCGCTCATAGGACGT,0.0,0.0,1.0,0.0,3.090214e-08,0.06508241,0.89303917,0.041878343
236,CCGAAGAGCCCTATCCCCCT,0.0,0.0,1.0,0.0,5.507088e-07,0.03366145,0.9252354,0.041102555
237,CTTCCGCTACGTATCGGGAT,0.0,0.0,1.0,0.0,1.4832733e-07,0.046378147,0.9197537,0.033867966
238,CCATAAGCGGGTCGGCCACC,0.0,0.0,0.0,1.0,1.7621022e-17,4.0059476e-08,0.012856676,0.9871432
239,TACTTGGTGGCTTTCAGGTT,0.0,0.0,1.0,0.0,1.9509168e-09,0.0058974717,0.98857355,0.0055290246
240,CTACCCATTCACATATACCT,1.0,0.0,0.0,0.0,0.9999907,9.272541e-06,4.443113e-13,7.8349854e-24
241,GTAAATAGGCGGGCGACTCG,0.0,0.0,0.0,1.0,3.4624663e-13,2.172517e-05,0.05286632,0.947112
242,CTGACGATGTCCTTTCACCG,0.0,0.0,1.0,0.0,1.2594339e-05,0.18337187,0.7869294,0.029686186
243,GGGTTAATCCATATGTCTGG,0.0,0.0,1.0,0.0,0.0014474664,0.7761145,0.22235459,8.3448474e-05
244,GACGCTGGTAAAGGACCTTA,0.0,1.0,0.0,0.0,0.000597003,0.6620755,0.33731213,1.5349362e-05
245,GAGTAGCAGACCACGGCCGC,0.0,0.0,0.0,1.0,1.779617e-15,9.841315e-07,0.0109315105,0.9890675
246,CTCTATCATAGTCTGGCGCT,0.0,0.0,1.0,0.0,1.9328523e-05,0.34240064,0.656798,0.00078199274
247,CTGTAACATTGTTCGAGAGA,1.0,0.0,0.0,0.0,0.87742126,0.12248769,9.101098e-05,5.653975e-11
248,TTTCCGCATGGAAGCTCCCG,0.0,0.0,1.0,0.0,1.1946232e-10,0.0007472641,0.86828697,0.13096586
249,TATGAATAGTTTTAAGGAAC,1.0,0.0,0.0,0.0,0.99999785,2.0888601e-06,3.6800833e-13,1.1330964e-26
250,GATACGGAGGCAAATGTAGA,0.0,1.0,0.0,0.0,0.02616065,0.96310955,0.010729794,1.3063419e-08
251,CTCCTAGACCGGGGTGCAGA,0.0,0.0,0.0,1.0,1.3058755e-14,3.3051124e-06,0.04008653,0.95991015
252,GACAACTGCTCCCGAAGTGG,0.0,0.0,1.0,0.0,1.0751348e-06,0.0398737,0.8919432,0.06818202
253,GTGAGCGTCAGTTTTTTTTT,0.0,1.0,0.0,0.0,2.5952439e-05,0.65512973,0.3447959,4.8437338e-05
254,TAGTAATCAAGTCGACCGGT,0.0,1.0,0.0,0.0,0.11245742,0.8788804,0.008662222,1.7843524e-08
255,GGCAATAATTCTACACATAA,1.0,0.0,0.0,0.0,1.0,5.617156e-09,1.2574506e-18,1.9583213e-32
256,AGATGGGCTTGGCTCTCCAC,0.0,0.0,0.0,1.0,3.0410583e-15,4.7281225e-07,0.163856,0.8361435
257,CGAGCTCTTTAGGTTGCCCC,0.0,0.0,0.0,1.0,1.2702766e-13,1.0562336e-05,0.10701952,0.89296985
258,GTGGAACCCGGCGACGAGCA,0.0,0.0,0.0,1.0,4.559422e-17,3.4367562e-07,0.006459636,0.99354
259,AGGTGATCTCGTAACCGGCC,0.0,0.0,1.0,0.0,5.1735116e-10,0.00075628614,0.63296866,0.36627513
260,CCACCAGTGCACTTGTGCGA,0.0,0.0,1.0,0.0,9.611205e-08,0.007261745,0.95507705,0.037661042
261,ACGGTATATAGCCTGCTACG,0.0,1.0,0.0,0.0,0.0027877274,0.66647863,0.33037195,0.0003616399
262,ACTATAGGCCTGGAAAACCG,0.0,1.0,0.0,0.0,0.07035732,0.92183703,0.007805695,5.9402803e-09
263,TTCCTCGACCGGTTCAATTA,0.0,1.0,0.0,0.0,0.018388184,0.97674507,0.0048666946,7.7014944e-10
264,TCTTGTCATCTAAGAAAGTG,1.0,0.0,0.0,0.0,0.9983935,0.0016065555,8.674886e-09,1.20706455e-17
265,AACACTGGCCGAATTCGCCC,0.0,0.0,1.0,0.0,1.7521284e-06,0.17153235,0.82591003,0.0025558965
266,TGGAGGGCCATCCCCTAAGA,0.0,0.0,1.0,0.0,2.5483077e-08,0.0055749416,0.95540243,0.039022684
267,TACAAGAGTTAAAGTGCACG,1.0,0.0,0.0,0.0,0.9956142,0.004384792,1.0499716e-06,3.847276e-15
268,CTCGCCGTAAATCGCCATCC,0.0,0.0,1.0,0.0,1.0853393e-05,0.4394751,0.5603895,0.00012449584
269,AGTTGCCAGCCGTGGACAAA,0.0,0.0,1.0,0.0,5.9626444e-05,0.1983289,0.80032265,0.0012888663
270,AATCGACACAGAGTGAATCA,1.0,0.0,0.0,0.0,0.9998154,0.00018461884,4.2055787e-10,6.9999e-20
271,TTTTTCCGAGATGGTGTATC,0.0,1.0,0.0,0.0,0.0007916609,0.48859984,0.510592,1.6424656e-05
272,GTGGATCAGTGTATGGTGTG,0.0,0.0,0.0,1.0,1.8366995e-14,3.0000251e-06,0.044901356,0.95509565
273,GACAACATCCCCAACGGGTG,0.0,0.0,1.0,0.0,0.0002549076,0.7645216,0.23516321,6.0265196e-05
274,TTGTTCTTCGGCGCAACTCG,0.0,0.0,1.0,0.0,7.289333e-09,0.015182758,0.6752639,0.30955335
275,TGCGAGTGCTCGACAATAAT,0.0,1.0,0.0,0.0,0.17168741,0.81113344,0.017179148,1.7249686e-08
276,GTTGTCGGTTCTAGCAGGCT,0.0,0.0,0.0,1.0,1.849463e-14,1.488864e-05,0.09552942,0.9044557
277,AATTTCATGTTCCGAGAACC,1.0,0.0,0.0,0.0,0.9828199,0.017179567,4.1280643e-07,9.983618e-16
278,GGACCAGGTCGCTGCTATCG,0.0,0.0,0.0,1.0,3.4221634e-18,2.1359044e-08,0.0024685722,0.9975314
279,CCGGAGTCCTCTTGTCAAAG,0.0,0.0,1.0,0.0,4.8376937e-06,0.1012882,0.88934743,0.009359516
280,GTAATAGCTAAGGGACAATC,1.0,0.0,0.0,0.0,0.9962082,0.0037903897,1.3683094e-06,7.3335117e-16
281,TTACATTATTAGGTCCCGCA,1.0,0.0,0.0,0.0,0.991284,0.008712266,3.8122369e-06,4.5874667e-14
282,TTGGTCGGTGATCAGCATCG,0.0,0.0,0.0,1.0,4.0524186e-12,0.000121735946,0.5000128,0.4998655
283,GTCCTAATAGGGGGCGTATG,0.0,0.0,0.0,1.0,6.8599636e-12,0.00015115907,0.5257359,0.47411293
284,GGACTGTATCTTTATAGAAG,1.0,0.0,0.0,0.0,0.9804089,0.01957948,1.1614811e-05,1.5131601e-13
285,CCTGCTATGCGCTTAGATGG,0.0,0.0,1.0,0.0,2.0850289e-08,0.056659438,0.8192142,0.12412632
286,ATGGCTGGTGGGATCTAAGC,0.0,0.0,0.0,1.0,3.8873955e-13,6.607011e-05,0.21060663,0.78932726
287,TGGAGTTTATCTTGGTCCTG,0.0,0.0,1.0,0.0,7.8040765e-09,0.0061919247,0.9833831,0.010424985
288,CCCGCAAAATCAGATTAATT,1.0,0.0,0.0,0.0,0.99999833,1.7227675e-06,3.4281348e-14,2.0737273e-26
289,AGACGGTGCCCCCAATGGCG,0.0,0.0,0.0,1.0,1.2319321e-16,1.44545975e-08,0.003799327,0.9962006
290,ACATAGCCAGAACCGATAGG,1.0,0.0,0.0,0.0,0.7728027,0.22700138,0.000195859,3.3287798e-10
291,GGATCTACCGAACACGGTCC,0.0,0.0,1.0,0.0,1.4604797e-06,0.12552844,0.87119627,0.0032738429
292,GACTGCTCGAACGCTGGCTG,0.0,0.0,0.0,1.0,1.18696795e-17,1.8332415e-08,0.004015315,0.9959847
293,AAGACTGGGGCGTACTGCGC,0.0,0.0,0.0,1.0,3.592727e-19,1.4262205e-08,0.0036573038,0.9963427
294,TAGGTTTAAACCTATATTTT,1.0,0.0,0.0,0.0,0.99999905,9.012818e-07,1.1056826e-15,1.222779e-28
295,CAAACCACTTGCACATTTGA,1.0,0.0,0.0,0.0,0.999938,6.2001876e-05,2.4009378e-11,5.2128696e-21
296,TAACCGGTGGCTAATCGTCC,0.0,0.0,1.0,0.0,2.7356327e-08,0.0034629414,0.99570256,0.0008344773
297,CTTTTGCGTCTTGGAGAGGG,0.0,0.0,0.0,1.0,8.837531e-15,1.6973655e-06,0.03385943,0.9661389
298,GACTCTGTGAATTTCTCTAA,1.0,0.0,0.0,0.0,0.9185789,0.08141472,6.3385683e-06,4.901071e-15
299,CCTGTAAGCAATTTACTTGA,1.0,0.0,0.0,0.0,0.9996125,0.0003875096,1.054953e-09,2.1752694e-19
300,AGGTTGAGGATTCGTGCGAA,0.0,0.0,1.0,0.0,4.3445447e-09,0.00080131216,0.84085673,0.15834194
301,CGTAACTCGTCCTCTGACGC,0.0,0.0,1.0,0.0,6.051129e-08,0.0638759,0.8694299,0.066694126
302,ATCGCGATGGCGGATGGTTG,0.0,0.0,0.0,1.0,4.665237e-19,3.0497527e-09,0.0021429167,0.99785703
303,GGCACACCGGAAATATCCAT,1.0,0.0,0.0,0.0,0.39884818,0.59828395,0.0028679187,6.8749534e-10
304,GACCATACTGCAGTGGTATA,0.0,1.0,0.0,0.0,0.28127795,0.7055772,0.013144815,3.67115e-08
305,CCAATCTTATCAATATTAAC,1.0,0.0,0.0,0.0,1.0,9.8423984e-11,2.4695839e-21,1.8310152e-36
306,CGTGCCGACCACCGCGCAGG,0.0,0.0,0.0,1.0,3.630168e-24,3.4750427e-12,1.5518688e-05,0.9999845
307,CTCAAATCGCCGTGGTAAGC,0.0,0.0,1.0,0.0,0.00010784864,0.43079147,0.56875944,0.0003412514
308,GCGTACCTGTTCCCCCTATA,0.0,0.0,1.0,0.0,0.00013815986,0.2581277,0.7401826,0.0015516008
309,CATGCCAGCGTTGCTTGGAA,0.0,0.0,1.0,0.0,2.2298781e-08,0.002059987,0.9682046,0.029735444
310,ATGTAGCTTTGCCTGTAATT,1.0,0.0,0.0,0.0,0.573311,0.4260154,0.0006734987,1.918308e-09
311,TGTTTCATAACGAATTCTGT,1.0,0.0,0.0,0.0,0.99931777,0.000682206,3.9470097e-10,1.05576164e-19
312,CATAAGGCTAAGAGACTGGC,0.0,1.0,0.0,0.0,0.055460084,0.8990609,0.045478467,5.537685e-07
313,TTTGGTCGCGAGGTGGCCCG,0.0,0.0,0.0,1.0,8.358814e-31,1.7380168e-16,5.8051575e-07,0.9999994
314,GACCCTGCACTGATCCCCTT,0.0,0.0,1.0,0.0,1.5056968e-07,0.05772199,0.9410428,0.0012349605
315,TAGCATTGCGGGATAGGCTA,0.0,0.0,1.0,0.0,3.7751857e-07,0.006331449,0.9913601,0.0023080586
316,GCTGGGTATGAGTTGGGTGC,0.0,0.0,0.0,1.0,9.453127e-25,2.5214024e-12,5.580302e-05,0.9999442
317,GCAGTAGGCTCCCTTATTCG,0.0,0.0,1.0,0.0,1.5295653e-08,0.00803093,0.812667,0.17930202
318,GGTTCCACTCTGGACCTGCG,0.0,0.0,0.0,1.0,6.20218e-16,3.9654103e-07,0.012991496,0.98700815
319,TCGCTGCATGCAGCTCTTAC,0.0,0.0,1.0,0.0,4.7876515e-06,0.024674442,0.95591915,0.0194017
320,GAGAGTAAGTTCTCTACTCG,0.0,1.0,0.0,0.0,0.0058532828,0.96945524,0.02469083,5.340362e-07
321,TGCATAGGCTATCAGAGGGA,0.0,0.0,1.0,0.0,7.381924e-05,0.103797525,0.8960908,3.7779628e-05
322,GAGCCTCACGCCCCACGCCT,0.0,0.0,0.0,1.0,5.8671495e-15,1.2175457e-06,0.01719667,0.9828021
323,CTGGTCGGTTGACACATTCT,0.0,0.0,1.0,0.0,2.0201415e-07,0.14061044,0.80522126,0.054168113
324,GTAGCTGAGTTTGCGGCAGA,0.0,0.0,0.0,1.0,5.9650673e-13,0.00014769235,0.6227668,0.37708557
325,CGGTGTCGACGAGTAAGCCT,0.0,0.0,0.0,1.0,6.378911e-13,2.1438918e-05,0.026818536,0.97315997
326,CGTAGTCCTCCATGGTGCCT,0.0,0.0,0.0,1.0,5.798434e-13,3.8775757e-05,0.091390796,0.9085704
327,CCCCTTCCGTCGCGCAGATT,0.0,0.0,0.0,1.0,2.337732e-12,2.1338741e-05,0.42197904,0.57799965
328,AGTCATCTCACGATTGGATA,1.0,0.0,0.0,0.0,0.9930288,0.0069675203,3.7264242e-06,2.2261794e-13
329,ATATCCATGGCTAATTACGA,1.0,0.0,0.0,0.0,0.9996872,0.0003127941,2.1833899e-10,8.938412e-21
330,TTGGGGTCAGGTCGACAGTT,0.0,0.0,0.0,1.0,3.6479935e-15,3.7125392e-06,0.15768434,0.8423119
331,CCATGAGTAGCAATTTGCGC,0.0,1.0,0.0,0.0,0.0015994196,0.62872964,0.36959907,7.186009e-05
332,AATCGTAGGCCGAATCACCA,1.0,0.0,0.0,0.0,0.5048167,0.49270615,0.0024772102,8.121811e-10
333,CGTGGGCATTTCGAGACAAG,0.0,0.0,1.0,0.0,3.3148157e-07,0.0057002455,0.9140464,0.080252916
334,GGAAGTACCAGCATGGCTGA,0.0,0.0,1.0,0.0,3.0178697e-07,0.017987654,0.9816731,0.00033893972
335,TTGACCGATCTAGGTGGCGA,0.0,0.0,1.0,0.0,1.2602894e-11,0.00045690098,0.8950556,0.10448755
336,CCGCAACGTCAGGACATTGA,0.0,1.0,0.0,0.0,0.017955352,0.80001795,0.18201965,7.1609697e-06
337,GTAAGATTTTAGGCTCTTGA,1.0,0.0,0.0,0.0,0.967599,0.03237626,2.48381e-05,4.474455e-12
338,CGGGTCAGACGCTTTCTATT,0.0,0.0,1.0,0.0,8.8201733e-07,0.1420252,0.84578687,0.012187056
339,TGACATGGACCGCGGGGAGC,0.0,0.0,0.0,1.0,3.975288e-26,3.6007442e-14,2.4146253e-05,0.9999758
340,GCCTTCCCCCGGAGATTGTC,0.0,0.0,0.0,1.0,3.0416542e-15,5.4079e-06,0.18026009,0.8197345
341,CATGGTGTCTCAGAAACCCC,0.0,1.0,0.0,0.0,5.8875015e-05,0.6745853,0.32535538,4.4745775e-07
342,TGAGCTCACGCTTCTTTCTC,0.0,0.0,1.0,0.0,2.9842886e-07,0.25124693,0.7487042,4.868599e-05
343,GAGCAAGCGTGTTTGACCAT,0.0,0.0,1.0,0.0,2.260573e-07,0.029321726,0.96972466,0.0009533079
344,CACAATCTGGCAACCTAGGG,0.0,1.0,0.0,0.0,0.00070342346,0.7924246,0.20686881,3.1476507e-06
345,AGGCGAAATTATCCTTCGCT,0.0,1.0,0.0,0.0,0.13278556,0.855653,0.01156147,1.26218245e-08
346,GGAAAACGAATCGCGCATCG,0.0,1.0,0.0,0.0,0.0035093874,0.74659705,0.24985719,3.6274043e-05
347,GATCCTTGATGCACCATCAC,0.0,1.0,0.0,0.0,0.031168727,0.9598836,0.00894761,6.280913e-10
348,CGTAAACTCTCGGAAGGGTA,0.0,1.0,0.0,0.0,0.032683555,0.69420886,0.27310595,1.6373549e-06
349,TACCGCAGCCCAAATTTGGC,0.0,1.0,0.0,0.0,0.0006175478,0.6227009,0.37668115,3.9381942e-07
350,GGCCATAGCCACCTAGGACC,0.0,0.0,1.0,0.0,7.0333193e-09,0.0016988706,0.9949704,0.0033307632
351,CTCCCGATGAGAGAAATACA,1.0,0.0,0.0,0.0,0.99894553,0.0010545343,7.123484e-09,1.9581507e-19
352,CGGTAGAAATCCATTAGTTC,1.0,0.0,0.0,0.0,0.99809664,0.0019029306,5.158991e-07,2.7271356e-16
353,AATAGCAGACCAATACAATT,1.0,0.0,0.0,0.0,1.0,7.823999e-11,2.478427e-21,1.4963805e-38
354,GAGTCCTCATCGCCTGTTTC,0.0,0.0,1.0,0.0,1.0440359e-08,0.015523083,0.9339225,0.050554417
355,ACAACCTATTCTACATTTGA,1.0,0.0,0.0,0.0,1.0,2.5667047e-08,2.5380679e-17,3.129484e-32
356,GGATTCGACAGGTAGGATAT,0.0,1.0,0.0,0.0,8.254644e-05,0.89772165,0.10219413,1.6672245e-06
357,AGCGCCTCCATATTCGATTT,0.0,1.0,0.0,0.0,0.0053038336,0.99415404,0.0005422192,2.3208742e-11
358,CGTGCTAAGAAAATCTAAGT,1.0,0.0,0.0,0.0,0.999951,4.8953436e-05,6.9159773e-12,1.938234e-24
359,GTCTGCCTTGAAACATGCTG,0.0,0.0,1.0,0.0,0.00032193947,0.4694665,0.53019357,1.7954382e-05
360,ATTGGTCACGCTGGGAAGGA,0.0,0.0,1.0,0.0,2.4767496e-10,0.0037618172,0.88633645,0.10990172
361,TGGAATCTGATCACACGTGG,0.0,0.0,1.0,0.0,0.0004396348,0.24659324,0.75293005,3.7090475e-05
362,CGACAAGCCCCTTCTGCGGT,0.0,0.0,0.0,1.0,9.3158506e-14,4.0229497e-05,0.23462509,0.76533467
363,AGTTTATCGGTTCACGCCAC,0.0,1.0,0.0,0.0,1.8676112e-05,0.7101872,0.28979316,8.895407e-07
364,ACCTGACAAGCTAAATCGTA,1.0,0.0,0.0,0.0,0.99998724,1.2794574e-05,6.050071e-12,3.122336e-25
365,ACTGATGTGATCTATAGTAC,1.0,0.0,0.0,0.0,0.9878351,0.0121646365,1.9087351e-07,1.2170189e-17
366,TCACATGGGTCAGACTCTCG,0.0,0.0,1.0,0.0,6.141273e-08,0.008410745,0.99103516,0.0005540839
367,AGTGTTCGTCGACACTGACC,0.0,0.0,1.0,0.0,1.7646418e-08,0.029789813,0.96832836,0.0018818467
368,GAAGGTGCAAACTCTACGGT,0.0,1.0,0.0,0.0,0.00013257541,0.83944976,0.16041356,4.121479e-06
369,CCAACCGTCTCAATGTGAAC,1.0,0.0,0.0,0.0,0.8179205,0.1794962,0.0025833873,1.5372854e-11
370,ACGTGAGGATGGTGCGAGGA,0.0,0.0,0.0,1.0,3.2290934e-20,1.563347e-09,0.00041094588,0.999589
371,CAAACTAAATTACGGTTCGG,1.0,0.0,0.0,0.0,0.99805474,0.0019452104,1.6783919e-07,4.938089e-17
372,TTGTCGTGGACAGCGTACTG,0.0,0.0,0.0,1.0,4.0148755e-13,2.2393042e-05,0.34384486,0.6561327
373,CACGGATAGTATATTTACCG,1.0,0.0,0.0,0.0,0.9289612,0.07085152,0.00018730808,8.303626e-14
374,GCTGCCGCGTTTGTGTGTAG,0.0,0.0,0.0,1.0,7.996502e-25,1.7147305e-12,7.323354e-05,0.9999268
375,ACTCACATTGGGGAGGTTCC,0.0,0.0,1.0,0.0,1.9957554e-08,0.014145345,0.6078266,0.37802806
376,GCTGATAGTTTCCAATAACA,1.0,0.0,0.0,0.0,0.9999391,6.0868624e-05,1.004416e-11,4.1557587e-24
377,CTGCCTGCTAGACATTGAAT,0.0,1.0,0.0,0.0,0.019795312,0.9769598,0.0032448962,4.4860387e-09
378,CCTCTACCTGAGACTCTCGC,0.0,0.0,1.0,0.0,2.9701985e-06,0.19341837,0.8016987,0.0048799524
379,TGGTGCTATGCAACCGTTAT,0.0,1.0,0.0,0.0,7.093803e-05,0.830278,0.16964978,1.2395194e-06
380,TGAGTCTCCATGACCTGGAC,0.0,0.0,1.0,0.0,2.8285552e-08,0.0071911844,0.9926836,0.0001252083
381,CAAATTGCTACGCGTCGAGG,0.0,0.0,1.0,0.0,4.1656412e-07,0.013042577,0.89875555,0.08820136
382,CATGGCCGGAACCACGCGTC,0.0,0.0,0.0,1.0,1.2171301e-16,1.3186167e-07,0.03966449,0.9603354
383,GAGGCTCTGCAGATGGAGGG,0.0,0.0,0.0,1.0,2.6036575e-24,1.0433468e-12,1.7915529e-05,0.9999821
384,AGGGGCTGGTCGTTTTGCGC,0.0,0.0,0.0,1.0,3.0656543e-32,9.24227e-18,7.8323566e-08,0.9999999
385,GACCCCCGGCGGTGATCGTT,0.0,0.0,0.0,1.0,4.0609408e-25,5.617804e-13,5.8069116e-05,0.99994195
386,CCATGTGTCGTCAATCGCAG,0.0,0.0,1.0,0.0,3.8003506e-07,0.02461345,0.97462463,0.0007615017
387,CCTCGTCTGTCAAGGAGTCG,0.0,0.0,0.0,1.0,1.8961771e-11,9.566973e-05,0.5115078,0.48839658
388,TCGACTTCGGCGCCGTGTCC,0.0,0.0,0.0,1.0,1.03197816e-25,1.5101248e-13,4.9683964e-05,0.9999503
389,ATATGAAAAGGCTGCTTGGC,0.0,1.0,0.0,0.0,0.008725389,0.9659222,0.025352206,1.8087071e-07
390,CGGAGCCACAGGAATGAGTC,0.0,0.0,1.0,0.0,4.9935225e-09,0.00522958,0.9717316,0.02303882
391,AATCATTCCGACGTATCGTA,1.0,0.0,0.0,0.0,0.9996101,0.00038984127,1.1822825e-08,1.2869548e-18
392,CGTTCATCGTCATCCCAAAG,0.0,1.0,0.0,0.0,0.10590988,0.8920116,0.0020785758,2.1946887e-11
393,GCTACTTTACTATGCCATGA,1.0,0.0,0.0,0.0,0.92089325,0.07910622,5.672938e-07,4.791747e-17
394,CTTTATACCATTAAGCCTAG,1.0,0.0,0.0,0.0,0.99998534,1.4703926e-05,5.6567354e-13,8.524977e-26
395,GGTCGCGCACATACTTTGAA,0.0,1.0,0.0,0.0,0.00082010863,0.85500777,0.14417098,1.115688e-06
396,CAGGCTTACAACGTAATATA,1.0,0.0,0.0,0.0,0.9999987,1.3031088e-06,3.854835e-14,2.9134336e-27
397,TTACCGTCTGGGGACTACGA,0.0,0.0,1.0,0.0,8.039973e-10,0.0023317013,0.9877015,0.009966834
398,TCCGGTGAAGATTTGGAGAG,0.0,0.0,1.0,0.0,9.623763e-10,0.0041113235,0.9924982,0.0033904063
399,TATAACGGATCGAACATCTT,1.0,0.0,0.0,0.0,0.99949646,0.0005035552,1.4083593e-09,2.4836605e-21
400,AAAGAACACATACTCGGATC,1.0,0.0,0.0,0.0,0.9999877,1.2249913e-05,3.0523745e-12,4.100028e-24
401,GTATAAACGTCACCCTGTCT,1.0,0.0,0.0,0.0,0.7395693,0.25981975,0.0006108998,1.2789074e-11
402,TCATCTTAGGCCCCGTGCAG,0.0,0.0,1.0,0.0,1.27427895e-11,5.9216185e-05,0.9557697,0.044171095
403,AACTCACTTGCTAGGTCGAT,0.0,1.0,0.0,0.0,0.06934087,0.90194124,0.02871789,8.127094e-09
404,GTGATTAGAGATGTCTGTAA,1.0,0.0,0.0,0.0,0.9441603,0.055761423,7.834599e-05,3.5498314e-12
405,TCGGAACGTATCATAGAAAG,1.0,0.0,0.0,0.0,0.9971091,0.0028908781,4.613611e-08,1.0236355e-17
406,GCGATATGGCCTGAGCTCTC,0.0,0.0,0.0,1.0,1.89115e-14,7.827485e-06,0.18366925,0.8163229
407,AGTTAGAGAGTAGATTACGT,1.0,0.0,0.0,0.0,0.83442324,0.16557148,5.2965893e-06,3.844914e-14
408,GATCTCAGTCTCAAGCTAAC,1.0,0.0,0.0,0.0,0.9692193,0.030777235,3.4527263e-06,2.828866e-15
409,TAGCAAAGTCCGTAAAGGAA,1.0,0.0,0.0,0.0,0.99998486,1.5115577e-05,1.8622136e-10,6.415148e-22
410,TGTGGGGTCACGAAAGTCAA,0.0,0.0,1.0,0.0,2.076788e-06,0.19663578,0.8033541,8.0069185e-06
411,GACGCTCGAGGTTTTCACTG,0.0,0.0,1.0,0.0,5.69506e-12,0.0019556566,0.58841276,0.40963158
412,AAGACAAGAGTGCCATCATG,1.0,0.0,0.0,0.0,0.99376667,0.0062309043,2.4993892e-06,4.8869708e-14
413,TCGAATCACCTAGGTAGTGT,0.0,1.0,0.0,0.0,0.016282003,0.94523275,0.038485132,6.380512e-08
414,AGTAAGGTTTCACACGCTGT,0.0,1.0,0.0,0.0,0.0010044451,0.977093,0.02190252,7.384749e-08
415,TCCAGCTTCAGAGACGGAGA,0.0,0.0,1.0,0.0,9.124309e-06,0.15910146,0.84087276,1.6641905e-05
416,AGGATGACCTCGGAGACTGT,0.0,0.0,1.0,0.0,1.9501183e-08,0.0048332806,0.9742391,0.020927526
417,GAAATACACGTCCTACGGCG,0.0,1.0,0.0,0.0,0.0039745676,0.63721454,0.35878485,2.603693e-05
418,TCGGTCGAAGTTCTAGTAAT,0.0,1.0,0.0,0.0,0.0047286917,0.9878655,0.007405886,1.7718443e-09
419,GATACTAACTCTGTCACGAG,1.0,0.0,0.0,0.0,0.8526367,0.14707282,0.000290492,1.244292e-12
420,TTGAAAGACTCCTCTTAGAG,1.0,0.0,0.0,0.0,0.95212597,0.047859944,1.4089306e-05,1.0339218e-14
421,CTATATTCCGTCAGTATGGT,0.0,1.0,0.0,0.0,0.051279016,0.94757664,0.0011442841,3.8951462e-10
422,GCTAATTATAGTCCATACAG,1.0,0.0,0.0,0.0,0.9999058,9.417696e-05,4.0281608e-11,9.1558295e-23
423,GTCGGCTAGCCATTAGTTGT,0.0,0.0,1.0,0.0,1.0250261e-08,0.041935544,0.9543496,0.0037148749
424,GCTCCTCACCAAGACATCGA,0.0,1.0,0.0,0.0,0.058664348,0.9407765,0.0005590704,1.3874954e-11
425,CAACGTCGAGGGAACCGTTC,0.0,0.0,1.0,0.0,9.262344e-09,0.0028854539,0.91661775,0.08049679
426,GAAGACCAAGCCATGATCAT,1.0,0.0,0.0,0.0,0.977985,0.0220137,1.2395531e-06,1.7704293e-15
427,ATTCCCACTTTATGCAGGAC,1.0,0.0,0.0,0.0,0.78026474,0.21966901,6.627567e-05,3.6713043e-13
428,GCTGCGAGCTTCGGCTATGG,0.0,0.0,0.0,1.0,4.2515494e-23,5.7036657e-11,0.0003632114,0.99963677
429,GACCCGAGCTGTGGACAGGG,0.0,0.0,0.0,1.0,1.3576564e-23,3.8398768e-12,4.878553e-05,0.99995124
430,CGACGACATCTAGATCTACC,1.0,0.0,0.0,0.0,0.72534686,0.2744271,0.0002260844,5.318607e-12
431,GGTCTCCAATCAGCCCGGGA,0.0,0.0,0.0,1.0,4.8113975e-11,0.0011809104,0.585753,0.4130661
432,GGTAGGAACCTCCTATGTAG,0.0,0.0,1.0,0.0,0.00022856767,0.14385957,0.8559004,1.1454647e-05
433,TATCGCTGTCTGTGCTTTAC,0.0,0.0,1.0,0.0,3.1472548e-06,0.060979553,0.93898284,3.450479e-05
434,TGGGGTCTTTTAATAAAGAG,1.0,0.0,0.0,0.0,0.7049261,0.29500535,6.863135e-05,1.621507e-13
435,TGTCCGCCTCATTCTCGAGC,0.0,0.0,1.0,0.0,5.580096e-10,0.0031420272,0.9116238,0.085234195
436,TCGCTCTCTACAGTCCAACA,1.0,0.0,0.0,0.0,0.5163379,0.48342276,0.00023934468,1.6167446e-12
437,CGAACTACAGAGCAGCGCTC,0.0,0.0,1.0,0.0,2.8266537e-05,0.11378967,0.8856064,0.0005756546
438,AGGAGAGGCGAGCCGTTTGA,0.0,0.0,0.0,1.0,5.1774307e-17,1.6621874e-08,0.002621138,0.9973788
439,CCGTACCTGGAGAGTACGGT,0.0,0.0,0.0,1.0,2.8655713e-13,2.1227956e-06,0.05434129,0.94565654
440,TACGGTAACTTGGAACCGTT,0.0,1.0,0.0,0.0,0.0038128137,0.96168566,0.03450155,2.832826e-09
441,GGTGTGGACCCGGGGCCGCC,0.0,0.0,0.0,1.0,0.0,2.3287416e-25,1.698817e-11,1.0
442,CGTTTACCCAGACAGGACCC,0.0,0.0,1.0,0.0,3.9887914e-06,0.4151176,0.5848454,3.2985452e-05
443,CTGATCCGCAGGTGGGGGTG,0.0,0.0,0.0,1.0,2.619043e-33,2.996441e-19,3.1091074e-09,1.0
444,TACACTAAAAGAAACGATCA,1.0,0.0,0.0,0.0,1.0,1.5340283e-10,1.619351e-22,0.0
445,GTGCATGAAGTCTGTGTTCG,0.0,0.0,1.0,0.0,2.7857364e-10,0.0023407873,0.5788087,0.41885042
446,AGATTCGCCCGATTACTATA,1.0,0.0,0.0,0.0,0.97856516,0.021434687,1.6237406e-07,2.6457038e-17
447,CCCCGCTTACCAGCGTACTC,0.0,0.0,1.0,0.0,3.4754477e-09,0.0049366388,0.9939306,0.0011328694
448,GATGGTATGGGTTCCATTCG,0.0,0.0,1.0,0.0,4.3385514e-11,0.00096237834,0.8951006,0.10393701
449,TCCCCTCGCTTTGACGGTGC,0.0,0.0,0.0,1.0,6.776352e-18,1.9812109e-07,0.10365031,0.89634955
450,GAAATAATTCTGGTCGCAGA,1.0,0.0,0.0,0.0,0.9787081,0.021284603,7.1828235e-06,3.91743e-14
451,CTTACTATTGGGGCTCGTGC,0.0,0.0,0.0,1.0,1.2563719e-12,2.3985625e-05,0.021736147,0.97823983
452,TAACAGGGACTAAGAGCGCT,0.0,1.0,0.0,0.0,0.0025073125,0.5879037,0.40958863,3.7910587e-07
453,TGATGTAACTCGGATGTGAG,0.0,0.0,1.0,0.0,5.049539e-05,0.26812655,0.7317626,6.0381437e-05
454,TGCGACGCGGCGTGTGCCAG,0.0,0.0,0.0,1.0,1.9351561e-35,5.3135053e-19,2.161077e-08,1.0
455,GGGACAAATGGGGCAGTCAG,0.0,0.0,0.0,1.0,3.5175008e-14,4.577334e-06,0.02747088,0.9725246
456,TGTATTAGGTGGCAACAGGA,0.0,1.0,0.0,0.0,0.0019476813,0.81152195,0.18652724,3.1776908e-06
457,GTTATCCAACTCACTCGCAC,1.0,0.0,0.0,0.0,0.39621866,0.6034306,0.0003507661,1.6356857e-12
458,AAGGGGGCTGTTCTTTTACA,0.0,0.0,1.0,0.0,1.6362142e-07,0.020092145,0.9776048,0.0023028792
459,AACGTGTTGTGCACCGGATG,0.0,0.0,1.0,0.0,2.9792138e-11,0.0006601046,0.867247,0.13209294
460,TTAATCGACCGCGCTCCACA,0.0,1.0,0.0,0.0,0.0022021965,0.782755,0.21504255,2.380211e-07
461,GCTCATCTACTACCGTTTGT,0.0,1.0,0.0,0.0,0.008785102,0.9813098,0.009905193,1.0940661e-08
462,GTAGCTGAATCAGTGGCAGG,0.0,0.0,1.0,0.0,1.04447874e-10,0.0010781169,0.7878632,0.21105868
463,CACTGTTCTTAGCCCAACAG,0.0,1.0,0.0,0.0,0.10295591,0.8829422,0.014101801,4.8167864e-10
464,TCGGTGGTAATGCTTGCTCT,0.0,0.0,1.0,0.0,1.5180156e-12,0.00020071414,0.7954181,0.2043812
465,GAGTGCGACAGTTAGATTTA,0.0,1.0,0.0,0.0,0.023854906,0.97361225,0.0025328482,2.9185876e-10
466,TTACCAATGGAAGCGGTAGG,0.0,0.0,1.0,0.0,0.0009202305,0.3917472,0.60683346,0.00049910304
467,TGACATAGATCGCCCTAAGT,1.0,0.0,0.0,0.0,0.46156982,0.537297,0.0011332051,5.6141626e-11
468,TTCAAAAAAACTGCCGAGTA,1.0,0.0,0.0,0.0,0.99999976,2.029289e-07,2.0766787e-15,5.549155e-30
469,CGGTAGCTCCTGGCGTAGTG,0.0,0.0,0.0,1.0,2.7339455e-23,2.4800771e-12,5.2349376e-05,0.99994767
470,CTTAACCATTGTTCCCAATA,1.0,0.0,0.0,0.0,0.99998844,1.1554926e-05,1.4892299e-13,1.9673797e-26
471,TTGGCTTACTTACAGACTTT,1.0,0.0,0.0,0.0,0.583815,0.4161717,1.3321151e-05,1.6597306e-15
472,CAGATAAAAGTTCTCGGGGT,0.0,1.0,0.0,0.0,0.017311936,0.91370267,0.068984844,5.848482e-07
473,GGACTACAGTGCGGAAATCG,0.0,0.0,1.0,0.0,3.9837073e-06,0.034710724,0.96408224,0.0012030088
474,TGAACCAAGGTTGCATCCCT,0.0,1.0,0.0,0.0,0.0008271038,0.6587942,0.34037852,1.1483914e-07
475,GTCGGGTGGTCTAATAAGTT,0.0,0.0,1.0,0.0,8.042182e-08,0.06905686,0.9307675,0.00017548102
476,TCCTCCTTTGTTAACCAAGG,0.0,1.0,0.0,0.0,0.032351095,0.96648896,0.0011599554,5.4150118e-12
477,AGTTCCAGTCGTCGTATAGC,0.0,0.0,1.0,0.0,6.95444e-06,0.15220645,0.8471209,0.00066566997
478,AGGCGGACCGACTTTCGAGT,0.0,0.0,0.0,1.0,1.9735543e-12,3.6419915e-05,0.048147026,0.95181656
479,TCTAATCACCCTCATGGTTA,1.0,0.0,0.0,0.0,0.9921598,0.0078399405,2.6665646e-07,2.9479695e-18
480,CACGTAAACGTGTGTTGTTG,0.0,0.0,1.0,0.0,0.00015169356,0.44922104,0.5505558,7.149953e-05
481,GAGGCTTTGGGGCTGTCTCA,0.0,0.0,0.0,1.0,1.8308147e-23,4.9603702e-12,6.655075e-05,0.9999335
482,AAGCTAGAGACTAAGAATAG,1.0,0.0,0.0,0.0,0.9999993,7.548663e-07,7.3140794e-14,8.577317e-27
483,AGCTTTCGCCGAAAGCCGTA,0.0,0.0,1.0,0.0,4.559411e-05,0.39126873,0.60865974,2.593614e-05
484,TCAGGGGTGATTTCTATAGC,0.0,0.0,1.0,0.0,1.8188633e-06,0.17666298,0.8232679,6.73601e-05
485,TAACGGACTTATGCACTAGA,1.0,0.0,0.0,0.0,0.99951446,0.000485597,7.495416e-09,2.0038787e-18
486,CTGATGCACAAGAGCTCATT,1.0,0.0,0.0,0.0,0.8496899,0.15006152,0.0002485459,7.139389e-12
487,GGGCGCGCACTTTACGCCCT,0.0,0.0,0.0,1.0,7.673776e-23,1.0033998e-09,0.0044706035,0.99552935
488,GGCATTCAACCTCGTAGAGC,0.0,0.0,1.0,0.0,8.909737e-06,0.09117738,0.90878195,3.1705433e-05
489,ACGGGCAAGCTTGCCTACTC,0.0,0.0,1.0,0.0,6.664262e-11,0.0028344344,0.99124384,0.005921779
490,AACTGCATGGGAGGTATAGA,0.0,1.0,0.0,0.0,0.018150875,0.94346654,0.03838151,1.1641147e-06
491,ATTACTTCACGCACAAGGGA,1.0,0.0,0.0,0.0,0.98597336,0.014026241,5.0224816e-07,1.379524e-16
492,CAGTAGCGTAGATACAGCCT,0.0,1.0,0.0,0.0,0.0037133505,0.9304187,0.06586718,7.9361456e-07
493,TTGTTCAGTCTGGGCCTAAT,0.0,0.0,1.0,0.0,1.0355776e-05,0.22584577,0.77386785,0.00027599843
494,TGAAATGGAATCATAAACCT,1.0,0.0,0.0,0.0,0.9999999,1.2362045e-07,1.0714976e-15,5.2008506e-31
495,TCGTATCTGCGCACGGTGCG,0.0,0.0,0.0,1.0,4.243855e-22,9.530132e-11,0.0003021841,0.9996978
496,CTCCAGCCAACATGTCCACC,0.0,1.0,0.0,0.0,0.010787466,0.96545815,0.023754356,6.639695e-08
497,CGTGCCTGTCGGGTACGCTG,0.0,0.0,0.0,1.0,3.0587412e-30,1.2778479e-16,3.5598015e-07,0.99999964
498,AACTGGAGCCACTCCCGCAG,0.0,0.0,1.0,0.0,6.8624506e-09,0.00218341,0.9834229,0.014393648
499,CAGCCTAATAGAGGCACCGC,0.0,0.0,1.0,0.0,1.4792511e-05,0.20054194,0.7990628,0.00038059324
500,CTTCGATCTGCCTCATTTCG,0.0,0.0,1.0,0.0,0.0007464543,0.3769887,0.62225026,1.4535897e-05
501,TGAATCGGCCCGATCAGAAG,0.0,0.0,1.0,0.0,2.3411926e-06,0.011021392,0.9888902,8.6034735e-05
502,ATAGGCGGCGCCAACTCGTA,0.0,0.0,1.0,0.0,3.985498e-10,0.0010364034,0.9955504,0.0034131533
503,CCACATATGCCCAGATAAGC,1.0,0.0,0.0,0.0,0.9933838,0.006614731,1.4496026e-06,3.115583e-16
504,GGATAAGCGCCGTACGCGCT,0.0,0.0,0.0,1.0,3.6024765e-17,6.1182396e-07,0.08617408,0.9138253
505,AGATTGGCTGGAATAATTTG,1.0,0.0,0.0,0.0,0.74181867,0.2580453,0.0001359895,1.3399234e-11
506,CCTACGGATTTTTCAACTCG,0.0,1.0,0.0,0.0,0.1889339,0.8072028,0.0038632457,7.746071e-11
507,TTAAGACTGCAAGGATTCCG,0.0,1.0,0.0,0.0,0.43986556,0.5264839,0.033650517,6.3179377e-09
508,CATGGGGACCTCAGTAGTAA,0.0,1.0,0.0,0.0,0.00037885108,0.48317185,0.51644844,8.910297e-07
509,GGCGACCTCCACACTGGGCC,0.0,0.0,0.0,1.0,1.2162566e-21,1.8936706e-10,0.00071779644,0.9992822
510,TACATCCGCTCAGATCTTGG,0.0,1.0,0.0,0.0,0.0013926404,0.7507894,0.24781586,2.19047e-06
511,GGTAACTGACCTTCTGAAGA,0.0,1.0,0.0,0.0,0.027233094,0.97040826,0.0023586226,2.470376e-10
512,TAGGTAAAGGGCTTTATTTG,0.0,1.0,0.0,0.0,0.12002122,0.8750784,0.004900377,2.9486846e-09
513,GATGCCCACACTCCCATGAG,0.0,0.0,1.0,0.0,1.2289621e-05,0.346804,0.6530148,0.00016891971
514,TGGGAAATGAATCAATTTTT,1.0,0.0,0.0,0.0,0.99999714,2.8913473e-06,3.3296703e-13,1.78649e-26
515,CAATAGAGGCTCGGCATGTT,0.0,0.0,1.0,0.0,1.2762589e-05,0.07011797,0.9290549,0.0008143137
516,ATCAAGCTCGGTCCAATTAG,1.0,0.0,0.0,0.0,0.92189354,0.07799993,0.00010645431,6.1163422e-12
517,AGTCGCCTTGATTAGTTCCC,0.0,0.0,1.0,0.0,1.6338523e-05,0.40099248,0.59877944,0.00021179201
518,CGCACAATATCCTAGGTCCT,0.0,1.0,0.0,0.0,0.064248875,0.93128467,0.004466495,3.0242264e-10
519,CTGGGTCTTTTATCTATACC,0.0,1.0,0.0,0.0,0.05238261,0.9454656,0.0021516737,2.5803043e-10
520,AGCATCCGGATTCTTCGGCC,0.0,0.0,1.0,0.0,3.552201e-12,6.652085e-05,0.5794068,0.42052662
521,AGCCGAGGAGGGAGGGAGTA,0.0,0.0,0.0,1.0,1.9293046e-22,3.0058456e-11,0.00018549971,0.99981457
522,GAAACACAGCCCTCGTCGCA,0.0,1.0,0.0,0.0,0.0002844643,0.32465747,0.67504954,8.455264e-06
523,TCGATTCCCCGAGATAGAGA,0.0,1.0,0.0,0.0,0.005873815,0.9678191,0.026307039,2.0510777e-08
524,AACCCGTGCAATTCGTCCTT,0.0,1.0,0.0,0.0,0.0033898454,0.916122,0.08048775,3.0512984e-07
525,TAGTGAAACAATCCCAAGCA,1.0,0.0,0.0,0.0,0.9999989,1.1069304e-06,4.4206135e-13,7.838924e-27
526,GTACCTTGGCCGATCCAGCG,0.0,0.0,0.0,1.0,7.4724193e-16,2.6214374e-07,0.062236942,0.9377628
527,TTACTTGGACTCCGCTTTGC,0.0,0.0,1.0,0.0,6.16895e-08,0.011065211,0.98857623,0.00035847022
528,GTCCTCGGTCTTAAGCTGCT,0.0,0.0,1.0,0.0,1.9917457e-11,0.0012668208,0.9290981,0.069634974
529,GTAGTTTGAAATCAAGTCAT,1.0,0.0,0.0,0.0,0.99961495,0.00038507176,1.620223e-10,4.0769384e-22
530,TGAGGATGCGAGCCCGTCAG,0.0,0.0,0.0,1.0,4.3740422e-21,2.8007535e-10,0.0011153377,0.9988846
531,GATGCCAAACACCCAGGGGC,0.0,0.0,1.0,0.0,5.7425602e-08,0.012312881,0.9812754,0.0064117634
532,CCACCGCGGTTAAGCCAGGA,0.0,0.0,1.0,0.0,1.4291142e-10,0.0006865417,0.94326293,0.05605046
533,ACTTTTATTGAATTGACGGG,1.0,0.0,0.0,0.0,0.96516013,0.034837037,2.860771e-06,6.396188e-14
534,TATGCAATCCGACCACCTTG,0.0,1.0,0.0,0.0,0.19193697,0.8035743,0.0044886908,1.7839821e-10
535,AGAGTCCGTAACTCGCCGGA,0.0,0.0,1.0,0.0,1.5433674e-08,0.0075192424,0.8707206,0.12176015
536,GTACAACTAATGTAGAGGGG,0.0,1.0,0.0,0.0,0.5249737,0.46220782,0.0128183365,3.4053357e-08
537,GGAAGGTTCTGCGACGTCTG,0.0,0.0,0.0,1.0,7.970321e-20,3.2097285e-09,0.0023034741,0.99769646
538,GAAGGCGAGAATCCCCGGTA,0.0,0.0,1.0,0.0,4.042026e-10,0.00065897394,0.9579593,0.041381747
539,CATTTCGGGGAGCCTCCGCT,0.0,0.0,0.0,1.0,2.0718777e-20,2.0760181e-10,0.00025230215,0.9997477
540,GAAAGTTTATGCGTGAGTTC,0.0,1.0,0.0,0.0,0.023143608,0.81703764,0.1598176,1.0710421e-06
541,AGTCATAGAGACCTCACCTA,1.0,0.0,0.0,0.0,0.9989079,0.00109195,6.640521e-08,1.1064486e-17
542,TATACTCGATGGCGTGTTAG,0.0,0.0,1.0,0.0,1.4804171e-05,0.101783015,0.89428014,0.003922008
543,GGGGCAACTGATGAGGTCCG,0.0,0.0,0.0,1.0,1.6844509e-22,7.450525e-11,8.699747e-05,0.999913
544,GCGCATCGTCCTCAGAACAA,0.0,1.0,0.0,0.0,0.0047552767,0.9262504,0.06899434,4.5803954e-08
545,CGGCCCCTAACCTTCTCGGT,0.0,0.0,0.0,1.0,8.061324e-12,0.00023260743,0.5531317,0.4466357
546,CCAAGCACTCGTCTGAAATG,0.0,1.0,0.0,0.0,0.36730376,0.6080043,0.024691988,8.476667e-09
547,GTAGTTTGGTTCTCATACTC,0.0,1.0,0.0,0.0,0.0017956354,0.94250804,0.055696316,5.3199054e-09
548,GGAAACATAGGGAATCCGGG,0.0,0.0,1.0,0.0,1.7738486e-06,0.04053191,0.9327446,0.026721733
549,GACGACATGCAGCGTAGGAC,0.0,0.0,1.0,0.0,2.2660187e-09,0.0007936071,0.9454867,0.053719684
550,TTCTCACGGTTCAGTAACTC,0.0,1.0,0.0,0.0,0.033911113,0.9457612,0.020327698,1.4051256e-10
551,AGGGACAAGTAGCAGCTGTG,0.0,0.0,1.0,0.0,1.4207428e-08,0.0038771825,0.692106,0.30401683
552,CTGTTGTAAAGAGAATCCTT,1.0,0.0,0.0,0.0,0.9966492,0.0033508295,3.894443e-08,1.7798846e-18
553,GAACGTCCCGGGAGTGCCGC,0.0,0.0,0.0,1.0,6.4844474e-30,1.3973245e-15,1.0932031e-06,0.9999989
554,AGGTAATTAATAAAACGCTA,1.0,0.0,0.0,0.0,1.0,6.3938785e-11,3.0826978e-22,0.0
555,GCCCCACTTAAGCGGAATGG,0.0,0.0,1.0,0.0,1.211107e-07,0.0051326198,0.9858687,0.008998566
556,AGTCGTCACAGAACCCCAGT,0.0,1.0,0.0,0.0,0.0038341654,0.9858007,0.0103651,2.3387688e-08
557,GTGTTTGATACAGGGGGTGA,0.0,0.0,0.0,1.0,4.818621e-12,0.0001469852,0.15473439,0.84511864
558,TTCAATCAGACTTTTGGGCT,0.0,1.0,0.0,0.0,0.07665869,0.89289504,0.030446228,2.5189337e-09
559,TAAGTGATACCGGCAGTATA,1.0,0.0,0.0,0.0,0.8913401,0.10864965,1.0317654e-05,2.3401647e-14
560,GTGGTCAGTACGCACTGCCT,0.0,0.0,0.0,1.0,1.7428548e-14,4.4396297e-06,0.09143587,0.9085597
561,AGAAAGAAACCTATTCTAGG,1.0,0.0,0.0,0.0,0.9999988,1.1408858e-06,1.595437e-13,3.1560222e-25
562,TGTGAACTAGAGGTACAAAC,1.0,0.0,0.0,0.0,0.9984133,0.0015866387,1.3204566e-08,3.691622e-18
563,AGTGTGGTAAGAGTAGCTAA,0.0,1.0,0.0,0.0,0.06306609,0.9328499,0.0040840264,5.3873545e-10
564,CGTTCTGTCACGTCGGGCGC,0.0,0.0,0.0,1.0,2.9903824e-27,1.1325013e-13,9.685561e-06,0.99999034
565,GAGAAGGTTATTATACCCCA,1.0,0.0,0.0,0.0,0.9874736,0.01252395,2.4927972e-06,6.8875526e-16
566,GTGAGTTTACTTAGATCCTG,0.0,1.0,0.0,0.0,0.007273128,0.9403918,0.052335095,7.1478743e-09
567,GAACTATCTTATCCGCATCG,1.0,0.0,0.0,0.0,0.8030385,0.19683772,0.0001237405,1.321658e-11
568,TGTGCCACCGTTAAAAATAT,1.0,0.0,0.0,0.0,0.9997656,0.00023447674,1.8905105e-11,3.518781e-25
569,CGCCCGTCCTGGTCGTCAGC,0.0,0.0,0.0,1.0,4.901643e-27,9.340361e-14,1.1528134e-05,0.99998844
570,TGCATGTAGGAACGTCGACT,0.0,0.0,1.0,0.0,7.8822495e-06,0.08204271,0.91768235,0.00026702345
571,GTGCACTCCACTCGGTTCGA,0.0,0.0,1.0,0.0,6.5559516e-11,0.0005977076,0.7894012,0.21000111
572,AACGAGTGTATAATGAACCT,1.0,0.0,0.0,0.0,0.999037,0.0009629697,7.4940476e-10,4.9276894e-21
573,TAAGGCGACACCAAAGTTGG,0.0,1.0,0.0,0.0,0.005628214,0.92167467,0.072697155,9.553109e-09
574,ACTCCCATGTGACCTCTGAG,0.0,0.0,1.0,0.0,0.000153566,0.57487667,0.42416257,0.00080720964
575,GCTCCTCGACCGTGTGATTT,0.0,0.0,1.0,0.0,4.759304e-10,0.005423549,0.88844717,0.10612934
576,GAGAAAGGATGCTCTGAGTT,0.0,1.0,0.0,0.0,9.6325464e-05,0.7511973,0.24863565,7.07e-05
577,GGTAATGCATAGTACAAGTT,1.0,0.0,0.0,0.0,0.987081,0.012919007,3.3687872e-08,2.3424733e-18
578,TCCGGGCGACTCAACCATGC,0.0,0.0,1.0,0.0,1.2544182e-11,0.00072261086,0.9972216,0.0020557018
579,TGAAGCAGTCACGGGCTCTA,0.0,0.0,1.0,0.0,9.500059e-08,0.0028394551,0.9935429,0.0036174578
580,AGATACGGAGCTCTGTGTTC,0.0,0.0,1.0,0.0,4.509853e-08,0.0056861686,0.98393434,0.010379531
581,GATAATATGATTCGACTTTG,1.0,0.0,0.0,0.0,0.9998859,0.00011405037,2.7154395e-10,1.5699799e-20
582,CAGTACATAATACGCTCGGA,1.0,0.0,0.0,0.0,0.9799897,0.020008583,1.7820531e-06,4.833312e-15
583,TGTAGTTGTCGTCCATCTAT,0.0,1.0,0.0,0.0,0.0024526361,0.7652821,0.2322652,6.7237735e-08
584,ACTACCCACGGAGAATCGCA,0.0,1.0,0.0,0.0,0.08718359,0.9083458,0.004470572,2.8200686e-10
585,AAAATAACTCCCGCATTACC,1.0,0.0,0.0,0.0,0.99999976,2.5740448e-07,9.156796e-15,7.1214047e-28
586,GTGGTGCCCCCTTCGTGCGC,0.0,0.0,0.0,1.0,3.915095e-33,5.5585346e-17,3.8947576e-07,0.99999964
587,CAACTGAATACCGATTTCTT,1.0,0.0,0.0,0.0,0.9999795,2.0518977e-05,2.2585923e-11,9.6777645e-23
588,TCGGTGAGACCCCCGGCAAG,0.0,0.0,0.0,1.0,1.6888164e-19,3.5410044e-09,0.0042090253,0.99579096
589,GAACAGCAATGACTTAATTT,1.0,0.0,0.0,0.0,0.99999917,8.486533e-07,6.8363877e-15,6.2089795e-28
590,CCACCTAAGTACTTACAACC,1.0,0.0,0.0,0.0,0.9999856,1.4420658e-05,3.3400333e-12,1.2844712e-24
591,CGGGGGAAAGGAGAAACCCG,0.0,0.0,0.0,1.0,2.4059604e-13,3.281018e-05,0.3643993,0.6355679
592,CAACTGGGCTGGAGTTTGAA,0.0,0.0,1.0,0.0,4.8987065e-08,0.0018518532,0.9879005,0.010247559
593,ATAATATGTACTCACCAGAT,1.0,0.0,0.0,0.0,0.9999999,9.285412e-08,5.217702e-16,3.6692234e-30
594,CTACAGGTCCCCTTCAAGGA,0.0,1.0,0.0,0.0,0.005511501,0.74824107,0.24624638,9.600249e-07
595,TTCTTCCTAGACGTCCACCC,0.0,1.0,0.0,0.0,0.0005999357,0.80943924,0.1899599,9.5175704e-07
596,GGTACCCTACCTGTAGGGCG,0.0,0.0,0.0,1.0,3.8346323e-17,5.7806307e-08,0.01920669,0.98079324
597,GCATTAATGCTACTACCATC,1.0,0.0,0.0,0.0,0.99979514,0.00020487793,5.5384863e-10,1.7751906e-21
598,GGCTGTACTATTTCCTAGTG,0.0,0.0,1.0,0.0,6.688914e-05,0.6426878,0.3572436,1.6785276e-06
599,CCATTGCATGCCAACGGGAT,0.0,0.0,1.0,0.0,4.367699e-05,0.15773177,0.8421828,4.171835e-05
600,TTTCGGTGACCCGCGTTCTT,0.0,0.0,0.0,1.0,1.3685914e-13,1.5152484e-05,0.75911707,0.24086782
601,AACGCAGAGATCGTCAGGAG,0.0,0.0,1.0,0.0,1.3903749e-05,0.121181555,0.87866026,0.00014436373
602,AAACGAAATCGGGTGCAAAC,1.0,0.0,0.0,0.0,0.9986249,0.001374844,1.9703903e-07,7.775697e-16
603,CCGGACTAGCTGACCCTGCT,0.0,0.0,0.0,1.0,1.318414e-14,1.1266456e-05,0.22141914,0.77856964
604,GACCGGTCGATCTAGCGTAA,0.0,0.0,1.0,0.0,1.2139732e-06,0.022466805,0.9773201,0.00021195663
605,TGTGTGGTCCACATCGCATT,0.0,0.0,1.0,0.0,3.996575e-08,0.018717052,0.98122245,6.0426628e-05
606,CACTCGACCTCACATTTCAC,1.0,0.0,0.0,0.0,0.81448007,0.18542121,9.871839e-05,1.916997e-14
607,GCGGAGTGTCTGGTAATGTC,0.0,0.0,0.0,1.0,4.45959e-16,2.5513268e-07,0.013058019,0.98694175
608,CTCGTATCACAATCTGAAGG,1.0,0.0,0.0,0.0,0.46476316,0.53517896,5.7851736e-05,2.622655e-13
609,ATCCACATCCCGTGCTTAGC,0.0,1.0,0.0,0.0,0.00053168513,0.9224552,0.077010885,2.2711042e-06
610,TGAGGTGCCGCGGCTGCATT,0.0,0.0,0.0,1.0,6.9290214e-27,5.355413e-13,2.4321176e-05,0.9999757
611,CTAGGTGTTGCTCTTCCAGA,0.0,0.0,1.0,0.0,9.265678e-08,0.018147498,0.97680044,0.0050519346
612,GCGCGGATATGTTCCAGTCC,0.0,0.0,0.0,1.0,2.5157582e-12,0.00010291996,0.4409452,0.5589518
613,TTTGATCTGGTCAATGAGTC,0.0,1.0,0.0,0.0,0.0019497584,0.991388,0.006662157,3.7230616e-09
614,TGTGTTGCCCAGTCGTCGCC,0.0,0.0,0.0,1.0,5.422485e-22,8.3955976e-10,0.0051913527,0.9948087
615,CAGCTGGGTATCGATCGTGT,0.0,0.0,0.0,1.0,8.2012684e-13,1.8163648e-05,0.07895323,0.9210286
616,CCTCCAGTGAATCTGCCGCA,0.0,0.0,1.0,0.0,3.129217e-07,0.0058520134,0.99329466,0.0008530567
617,CCCTAAACGATCCATTGACT,1.0,0.0,0.0,0.0,0.9959777,0.0040220916,2.1879599e-07,2.2055611e-17
618,ATCCTTTGATAAGTTTTCAG,1.0,0.0,0.0,0.0,0.9999273,7.265307e-05,4.2989573e-10,2.1600415e-20
619,GAGCCGGTTTTCATTGTTTG,0.0,0.0,1.0,0.0,1.0128034e-08,0.013877071,0.9416649,0.044458047
620,TATTGCTGATCTCCGGCCTT,0.0,0.0,1.0,0.0,7.072335e-09,0.003635316,0.99616927,0.00019534295
621,TGTGTAGCTAGGGATGGACA,0.0,0.0,1.0,0.0,6.617029e-10,0.0046850434,0.97668535,0.01862964
622,ATAGGTCAGAAATACAACGT,1.0,0.0,0.0,0.0,0.99990606,9.395917e-05,1.1342352e-12,1.5524447e-25
623,ATAACACATGAGGACCCACT,1.0,0.0,0.0,0.0,0.9991374,0.00086252013,2.4655493e-09,5.8639454e-19
624,TGACGATCCTGGTGAACTAG,0.0,0.0,1.0,0.0,2.3587492e-05,0.03814284,0.9618234,1.0208277e-05
625,ATTTCACTTGGTCTCAAGGT,0.0,1.0,0.0,0.0,0.07541512,0.9219112,0.0026736017,1.3527409e-09
626,TCCAAAGTCTGGCCTCGCTT,0.0,0.0,1.0,0.0,7.3840063e-09,0.005704238,0.99082595,0.0034697673
627,CTTCCAATTTTGGAACGGCG,0.0,0.0,1.0,0.0,0.008528895,0.7099947,0.28146031,1.6122658e-05
628,ACGGCTCAACAATAGCGCAC,0.0,1.0,0.0,0.0,0.031438652,0.9631181,0.005443252,9.1307945e-10
629,TGGCTCTCCAGCTATCCAAG,0.0,0.0,1.0,0.0,2.7114926e-05,0.43936685,0.5605836,2.2526468e-05
630,TCACGCGTAAGTAGCGGGAT,0.0,0.0,1.0,0.0,1.7724879e-10,0.00048907,0.98051757,0.018993355
631,GCCCTTACCACGAGACCAAT,0.0,1.0,0.0,0.0,0.16847049,0.8284964,0.003033158,8.4509705e-11
632,GAGTCCGGATTATCTGAGTG,0.0,0.0,1.0,0.0,2.5295519e-08,0.05530526,0.9226244,0.022070304
633,ACACTCATACCCCACCTTGA,1.0,0.0,0.0,0.0,0.9990257,0.0009743223,1.9103219e-08,2.6505572e-18
634,TGTACTACAGTTAAGTCCTA,1.0,0.0,0.0,0.0,0.997162,0.002838015,8.783253e-09,2.410058e-21
635,CTGTGTAGAGAGCGCGCGAG,0.0,0.0,0.0,1.0,1.3328611e-21,1.8971932e-11,4.1726857e-05,0.9999583
636,TAATCCTATTTACATTACCT,1.0,0.0,0.0,0.0,0.9999999,1.145615e-07,7.570481e-17,1.8228013e-33
637,ATTCTTTCGTACGAGTGCTG,0.0,0.0,1.0,0.0,0.00041712684,0.2744534,0.7250462,8.319896e-05
638,ATGAAGTGTTGGTTATATCG,0.0,1.0,0.0,0.0,0.34568775,0.642385,0.011927292,1.3836649e-08
639,CCCCGGTATCCATCAGTCGC,0.0,0.0,1.0,0.0,1.6296782e-10,0.0022224276,0.9778562,0.019921426
640,ACGTCACCTGTTCACATCTT,1.0,0.0,0.0,0.0,0.07309411,0.9263751,0.00053088274,1.7226215e-11
641,ATGCTAATAAAAATGACAAG,1.0,0.0,0.0,0.0,1.0,7.374027e-13,1.1412075e-24,0.0
642,CGTTAGCGACTACCTGCAAG,0.0,0.0,1.0,0.0,3.098825e-05,0.23681635,0.7629215,0.00023119844
643,TAATAACTCTCGGAGCTATG,1.0,0.0,0.0,0.0,0.9862984,0.013696786,4.833696e-06,1.2141128e-14
644,CTGTCGTGGAGCCCGCGTAC,0.0,0.0,0.0,1.0,8.0830998e-25,1.340898e-13,5.970994e-06,0.99999404
645,ACATATCGTGGGTTGCATAT,0.0,1.0,0.0,0.0,0.0709651,0.923275,0.00575986,6.8365225e-08
646,ACTGCGTATTTATGGTCCCG,0.0,0.0,1.0,0.0,6.527569e-08,0.04318078,0.95610607,0.0007130567
647,GTGGGGACCTTAAAGACCAA,0.0,1.0,0.0,0.0,0.0035331536,0.9373785,0.059088364,4.5923807e-09
648,CCTAAAAAACATGGACTTAC,1.0,0.0,0.0,0.0,1.0,1.6438028e-09,2.6787903e-18,4.3689385e-33
649,GCAGTTCGTGTAATAGACGT,0.0,1.0,0.0,0.0,5.472577e-05,0.9395558,0.060387947,1.4973947e-06
650,CGTTAGTGTATTGTACGTAC,0.0,1.0,0.0,0.0,0.21944189,0.733708,0.046850044,5.4107684e-08
651,CCGTGCGATATACATACCCA,1.0,0.0,0.0,0.0,0.4362363,0.56167704,0.0020867467,8.478152e-12
652,GGTTTTTCCGCGCCTTGGAG,0.0,0.0,0.0,1.0,1.1808184e-20,4.7894544e-10,0.0009607689,0.9990393
653,CGCAATGACTTGCCGTAACA,0.0,1.0,0.0,0.0,0.03266194,0.9397976,0.02754044,1.2675085e-09
654,AGCGTGCTAGTGACACACTA,0.0,1.0,0.0,0.0,0.003585375,0.98323214,0.013182532,8.06114e-09
655,TGGGCGGGTACTAGTTATGA,0.0,0.0,1.0,0.0,9.618391e-12,0.0004129998,0.93154776,0.068039306
656,CGGTAGGTGGTAAATTTGTG,0.0,0.0,1.0,0.0,3.5276617e-08,0.011968354,0.96166503,0.026366638
657,TTGTACGTAGCCCATAGTTC,0.0,1.0,0.0,0.0,0.04009134,0.90373194,0.056176703,4.4810747e-08
658,GACCCGCTCGTGGTTCAACC,0.0,0.0,0.0,1.0,1.5963018e-13,4.286172e-05,0.24113265,0.75882447
659,ACGCCATACTGGGTTACGTT,0.0,0.0,1.0,0.0,5.118033e-05,0.19331901,0.80593956,0.00069029175
660,GATACGTATCAGTGGATCGC,0.0,0.0,1.0,0.0,2.4303656e-05,0.24163626,0.7580426,0.00029691614
661,CGACCTTCCGGAGGTCAGTT,0.0,0.0,0.0,1.0,1.625781e-13,4.037925e-05,0.08399318,0.9159664
662,CCTATTCAGTTCCCGCCGAA,0.0,1.0,0.0,0.0,0.0022465307,0.69176936,0.3059795,4.609871e-06
663,ACGGCAAGGACCTTGCCTAA,0.0,1.0,0.0,0.0,0.0011787686,0.77220726,0.22659206,2.1887718e-05
664,ATTGGGTTTTGGCTAAGAAG,0.0,1.0,0.0,0.0,0.0048977663,0.76549536,0.2295902,1.6687129e-05
665,CCGCGTAGGGGGACGAAACG,0.0,0.0,0.0,1.0,4.899334e-22,1.6968175e-11,0.00015718876,0.99984276
666,GAGCTGGGTCGTCGCTAGGC,0.0,0.0,0.0,1.0,3.1453296e-32,4.9295514e-17,1.5624124e-07,0.9999999
667,CGGTTTCTCGCTTCGGCTGC,0.0,0.0,0.0,1.0,2.031873e-20,1.462398e-09,0.0002374206,0.9997626
668,GCCATGCTCCGCACCAGCGG,0.0,0.0,0.0,1.0,2.744167e-18,1.8032067e-08,0.0057971813,0.9942028
669,AAAGTGTACGGTCACCCGAG,0.0,0.0,1.0,0.0,6.4509118e-06,0.08562276,0.91351545,0.0008553416
670,GTTAAAATTGACGTAGCCGA,1.0,0.0,0.0,0.0,0.9906781,0.009318548,3.367468e-06,1.5589792e-13
671,ACGACCGTTATTTAGTGAGG,0.0,1.0,0.0,0.0,0.0017522398,0.69729006,0.30094415,1.3559183e-05
672,CCGAGCGTCATATAGGTCGC,0.0,0.0,1.0,0.0,1.3766427e-10,0.0027268894,0.8659218,0.13135128
673,GAGGGGCGATACATGCTGAC,0.0,0.0,0.0,1.0,8.681484e-12,4.2106243e-05,0.08966547,0.91029245
674,GGATTTACAGCCCACCGAAG,0.0,1.0,0.0,0.0,0.015380489,0.41860902,0.565994,1.6463888e-05
675,GTCCATGGACAACCCCGCAT,0.0,0.0,1.0,0.0,4.171544e-05,0.13219339,0.867202,0.0005629026
676,AGGCCCTTCCCCATTTCTTT,0.0,1.0,0.0,0.0,0.0016747398,0.64831674,0.34999147,1.6969447e-05
677,CTCAGCTTTCAACCCGAGTC,0.0,1.0,0.0,0.0,0.0012205136,0.6128318,0.3859346,1.3147054e-05
678,GCTAGGACGAGTTAATATTA,1.0,0.0,0.0,0.0,0.9765013,0.023495657,2.9875378e-06,1.4745165e-15
679,TCTTGATAGACGAGTACTGA,1.0,0.0,0.0,0.0,0.814475,0.18444261,0.001082357,5.2273085e-11
680,GTACATATCCATAGTTTGTA,1.0,0.0,0.0,0.0,0.99994814,5.1879288e-05,2.5653604e-10,1.3692162e-20
681,CTAAGAAGAAGTCAGTCCTT,1.0,0.0,0.0,0.0,0.96382385,0.03613981,3.6331006e-05,5.2901184e-13
682,AAGAATTAAACTCCTGGCGT,1.0,0.0,0.0,0.0,0.92927104,0.07071041,1.8458133e-05,7.131641e-13
683,CCTTCTGAGCATGGAAACTC,0.0,1.0,0.0,0.0,0.0118321255,0.8356687,0.15249893,1.7908253e-07
684,CAATAAAGAATCGAAATCTG,1.0,0.0,0.0,0.0,1.0,5.575548e-09,9.3953444e-17,2.8813915e-30
685,ACGGTAGGCTAATTGGGGAA,0.0,0.0,1.0,0.0,2.2377858e-06,0.037649404,0.9563087,0.0060397005
686,ATATACCTCATCAAGTGCGT,1.0,0.0,0.0,0.0,0.9863543,0.013644154,1.4979369e-06,3.4473013e-15
687,CTTTCCCTGTCCGCCTGACA,0.0,0.0,1.0,0.0,3.4888856e-07,0.0056037717,0.9871597,0.007236189
688,TCTCTTTTTGCTAAGTCTGC,0.0,1.0,0.0,0.0,0.018587632,0.9223173,0.05909497,7.51173e-08
689,GCAGAATAAGACGATTTTAC,1.0,0.0,0.0,0.0,0.9997764,0.00022364613,9.2527647e-10,1.9152212e-19
690,GTAGGGGCTTAACTCGCTTG,0.0,0.0,0.0,1.0,2.8695215e-12,3.734724e-05,0.3553982,0.64456445
691,CACATTCCGCTGTAGTCCCG,0.0,0.0,1.0,0.0,2.171114e-09,0.004544434,0.9865747,0.008880886
692,GACGATCACCAAAAGTGCGC,0.0,1.0,0.0,0.0,0.006546538,0.90213686,0.091316424,1.2732939e-07
693,CCTCTTGGAGTATTTATTAC,1.0,0.0,0.0,0.0,0.8624078,0.13752654,6.56308e-05,1.2304434e-12
694,GTATGCCAAATGTGAATAAG,1.0,0.0,0.0,0.0,0.99904734,0.0009526264,1.7912482e-08,5.383841e-18
695,TCTAGTCAAGTTCCCAACTA,1.0,0.0,0.0,0.0,0.9877566,0.012242931,4.3340899e-07,2.1549397e-17
696,TCGCAGCCAACCCTTGGGAG,0.0,0.0,0.0,1.0,9.649218e-11,7.701552e-05,0.5390042,0.46091866
697,ATAGGGCGCACGGTCAGGTG,0.0,0.0,0.0,1.0,5.4773284e-19,6.1337246e-10,0.00092189235,0.99907804
698,CAACTACGTCACAGATCGCA,1.0,0.0,0.0,0.0,0.9793814,0.020586751,3.1861542e-05,1.6668445e-12
699,AGCTAGGATCTAGCTCTTCC,0.0,1.0,0.0,0.0,0.00060980604,0.77212423,0.22718523,8.075941e-05
700,GGGAGAGACATAGAGTGGAG,0.0,0.0,1.0,0.0,9.050922e-09,0.002244591,0.7405333,0.25722212
701,CAGTCCCCCAACCTAACAAG,1.0,0.0,0.0,0.0,0.99351186,0.006467522,2.0631785e-05,1.6309926e-13
702,CTTTGTAGAGCTCACCGCGG,0.0,0.0,0.0,1.0,1.861128e-10,0.00021235396,0.6325261,0.36726153
703,TAAACTCATGCACGTCCACA,1.0,0.0,0.0,0.0,0.9918961,0.008101686,2.2226411e-06,1.6545615e-15
704,GGGCAATTGACCCGACTTAC,0.0,0.0,1.0,0.0,0.00041301263,0.06845029,0.929888,0.0012487427
705,CTATACTTCAATAATCAAAG,1.0,0.0,0.0,0.0,1.0,1.1900901e-10,2.8747748e-20,4.2545753e-36
706,CGCACCGGCATCTCTGAGCC,0.0,0.0,0.0,1.0,3.5959778e-14,1.5827982e-05,0.19683869,0.80314547
707,GAGTACCGCGGGTGAAAACA,0.0,0.0,1.0,0.0,4.966765e-05,0.44071662,0.55812824,0.0011054713
708,GTTTCAATATGTACCTGGGA,0.0,1.0,0.0,0.0,0.551222,0.44682178,0.0019561823,5.771896e-10
709,TTCGTTGCCCAGGAAAGGGT,0.0,0.0,1.0,0.0,5.030214e-09,0.006043095,0.9855618,0.008395057
710,TCTATCCTTTACGGATCTTC,1.0,0.0,0.0,0.0,0.8034602,0.19391766,0.0026222086,1.3009108e-10
711,TATATGCCTCAACCACCCAC,1.0,0.0,0.0,0.0,0.98558205,0.014412256,5.808906e-06,1.4759747e-14
712,AATTATATGGAGACCAAGTC,1.0,0.0,0.0,0.0,0.99987173,0.00012821268,4.3289314e-10,3.5369965e-20
713,CCTCGTGGGTCGTTATTTCT,0.0,0.0,1.0,0.0,3.3926933e-10,0.0010540566,0.8481898,0.1507561
714,GGGAAAAGCAGTTGGCTCAC,0.0,0.0,1.0,0.0,2.1444718e-07,0.017496308,0.9464536,0.03604993
715,CGCAAGTAAAGTGACAGCAA,1.0,0.0,0.0,0.0,0.98920023,0.010794434,5.3408426e-06,9.191532e-15
716,CCAAGGCATTCGCAGATACA,1.0,0.0,0.0,0.0,0.4933975,0.49388593,0.012716536,2.2559528e-09
717,TCACGGTTTTCGACCTTGAG,0.0,0.0,1.0,0.0,1.3518725e-06,0.0058942493,0.9928247,0.00127973
718,GCTAATGCAGAACATGAGTG,0.0,1.0,0.0,0.0,0.14752182,0.84767485,0.0048033255,6.3341417e-09
719,GTCTAAAACTCTCAGTGTCA,1.0,0.0,0.0,0.0,0.9977748,0.0022248803,3.2555002e-07,1.2180205e-16
720,AGCCTGCCGTATAATTAAAG,1.0,0.0,0.0,0.0,0.99694973,0.0030484542,1.7517513e-06,2.5595695e-15
721,TGGGTGTTGACCACCGTAAT,0.0,0.0,1.0,0.0,8.7608765e-07,0.033946108,0.9610726,0.004980423
722,ATACGTTTAGATCTTTCCTG,1.0,0.0,0.0,0.0,0.93607706,0.06367664,0.0002462582,1.44984675e-11
723,AGGTTGTCGTGGGTACGTCA,0.0,0.0,0.0,1.0,1.8767492e-13,1.274352e-06,0.019684015,0.98031473
724,GTAAAGGCAGAACACAATTA,1.0,0.0,0.0,0.0,0.99999654,3.4443742e-06,3.1633507e-13,4.4458756e-25
725,GTGTACCGGATACTATGGTC,0.0,0.0,1.0,0.0,1.17667305e-05,0.022174746,0.9723074,0.005506072
726,TCAGGGATGGCAGAAAGCCG,0.0,0.0,1.0,0.0,1.2075816e-09,0.0006430825,0.93596023,0.06339668
727,TCCTATATCTCTTCGGCCTT,0.0,1.0,0.0,0.0,0.0017603016,0.8822636,0.11597595,1.8248463e-07
728,GCGTGAGGGGGACAGATTGA,0.0,0.0,0.0,1.0,5.051122e-17,8.080564e-08,0.0011725174,0.9988274
729,GCTCGCAATTGAAGTCCTGA,0.0,1.0,0.0,0.0,0.004219049,0.8255517,0.17022039,8.898009e-06
730,ACTAGGCATCATAGTTTCAG,1.0,0.0,0.0,0.0,0.9063837,0.09338317,0.00023315547,1.5718336e-11
731,CGTATTATGACTCCTCTACG,0.0,1.0,0.0,0.0,0.2950853,0.66173285,0.04318179,8.8423334e-08
732,GCAAGAGTTCCTCGCACTAG,0.0,0.0,1.0,0.0,7.750356e-06,0.034977008,0.96461797,0.00039727698
733,TCCGGAGCGGAGTCAGAGAG,0.0,0.0,0.0,1.0,5.48308e-16,8.3298096e-07,0.111862555,0.88813657
734,AGTATGAACTGCCATCTGAC,1.0,0.0,0.0,0.0,0.7877003,0.20840071,0.0038989675,1.0376497e-09
735,ATTGGATGGTGCCCGTTCCA,0.0,0.0,1.0,0.0,6.9038594e-11,0.00031377625,0.77264816,0.227038
736,GGAGGGAATTAGGATTTGAG,0.0,0.0,1.0,0.0,4.690629e-06,0.016187495,0.97453237,0.009275377
737,AAGTCTAGCGCCAATGATTT,1.0,0.0,0.0,0.0,0.77609664,0.2238565,4.6871322e-05,1.5474283e-12
738,ACCCATCAGCAACCGTCTGG,0.0,0.0,1.0,0.0,0.0001273563,0.30627513,0.6929937,0.00060390506
739,CTCAGCGGACCTCATTTGTC,0.0,0.0,1.0,0.0,1.9672432e-07,0.019559924,0.97950953,0.000930324
740,GATCATTAAGACACTTGACG,1.0,0.0,0.0,0.0,0.9989623,0.001037544,1.5634653e-07,4.451203e-16
741,ATTCATGATGTCTATTGGGA,1.0,0.0,0.0,0.0,0.70628715,0.29342318,0.00028963762,1.6257771e-11
742,TTACATCAATTAGGACTCGG,1.0,0.0,0.0,0.0,0.97743803,0.022553323,8.6551245e-06,1.4948749e-13
743,ATATCTCCGACTTTTCTGTA,1.0,0.0,0.0,0.0,0.986808,0.013183495,8.445063e-06,2.7008955e-14
744,ATGAACGCGATTTTAGAGGT,0.0,1.0,0.0,0.0,0.028013555,0.9649437,0.0070427596,1.2247125e-08
745,TCCTTGTTCGTACACCCTCA,0.0,1.0,0.0,0.0,0.005669488,0.94964224,0.044688217,4.2637513e-08
746,AGGCGTACAGTCTCGCTGCT,0.0,0.0,0.0,1.0,2.2381565e-11,0.00033355804,0.14038864,0.8592778
747,TGGTGAGTGCCTGTGTTAGC,0.0,0.0,0.0,1.0,1.0164522e-16,4.4916643e-08,0.0077446015,0.99225533
748,CGTTTTAATGTAGATTCGCA,1.0,0.0,0.0,0.0,0.9651553,0.034834974,9.614992e-06,1.34286e-13
749,ACAAGAGTTATGTGTACGCC,0.0,1.0,0.0,0.0,0.013988151,0.95017064,0.03584101,2.526555e-07
750,GGATGACCAACCTCACATGA,1.0,0.0,0.0,0.0,0.85629934,0.14357482,0.00012587696,6.1122774e-12
751,ATAGTTGACACGGTGCCGAC,0.0,0.0,1.0,0.0,6.8249824e-07,0.025565656,0.9669307,0.0075029545
752,TGAGCGAGGGCGTGGGAGAG,0.0,0.0,0.0,1.0,3.7134526e-29,6.0169774e-16,5.7199986e-07,0.9999994
753,AACATGCTCATGATGGGCGC,0.0,0.0,1.0,0.0,3.1229428e-07,0.014024406,0.9837293,0.0022459687
754,ACAGTAGATGGCGTAGAGCG,0.0,0.0,1.0,0.0,2.1608784e-08,0.006913942,0.95821327,0.034872722
755,CAGTACGTGCTGGGGGACTT,0.0,0.0,0.0,1.0,4.0749775e-18,9.958081e-09,0.002071624,0.9979284
756,TTCCCGTTACTCGTCGCCAA,0.0,0.0,1.0,0.0,3.0787553e-05,0.0706963,0.92925787,1.5079653e-05
757,GCCCAATCATAGTGGATCTC,0.0,1.0,0.0,0.0,0.014388138,0.8542905,0.13132073,5.668949e-07
758,TGCTCGGCTTAAGTATTTCT,0.0,1.0,0.0,0.0,0.013512642,0.8573731,0.12911353,7.2737447e-07
759,CAGTGTACCATCCCTTCTGA,0.0,1.0,0.0,0.0,0.024076425,0.8675442,0.10837851,8.9066344e-07
760,CCGACTAAGCCGGAACAGGC,0.0,0.0,1.0,0.0,7.2781813e-07,0.02575737,0.9570422,0.017199721
761,TTCGGCCTGTGGAATTTACC,0.0,0.0,1.0,0.0,1.07711784e-07,0.022951733,0.97631276,0.00073541276
762,CGCATTTTTCTCGAACCATT,1.0,0.0,0.0,0.0,0.94953465,0.050444413,2.0990648e-05,1.5958517e-13
763,GCTTAGGGTTTAAAGTTAGT,0.0,1.0,0.0,0.0,0.10368401,0.8861164,0.010199486,1.9504123e-08
764,TCAGCGGGTCTTTGATTTAG,0.0,0.0,1.0,0.0,1.0214518e-07,0.009003907,0.9901721,0.0008238699
765,GTCAACAGGCCGATCCTGAT,0.0,0.0,1.0,0.0,2.0369971e-05,0.0542733,0.94512475,0.0005815527
766,CTGAAAATGGGCGAACACCA,1.0,0.0,0.0,0.0,0.79825205,0.20136328,0.00038477377,8.3857e-10
767,GGTCGTTATACTGCCAAAAA,1.0,0.0,0.0,0.0,0.9947562,0.0052433214,4.89889e-07,5.993152e-16
768,CAATATTTTTCTTGATGAAC,1.0,0.0,0.0,0.0,0.9999987,1.2760314e-06,1.7954554e-12,8.1266074e-25
769,GTGGGCTGAAGTTGACGTGA,0.0,0.0,0.0,1.0,7.616761e-13,3.117173e-05,0.15517,0.8447988
770,CCTACGCGGGAGGCAAATCC,0.0,0.0,1.0,0.0,2.0164204e-09,0.002014349,0.74976593,0.2482197
771,GAACACTCAATGGAAAAGTT,1.0,0.0,0.0,0.0,0.99998295,1.6995582e-05,1.5357755e-11,9.935307e-23
772,TTGTAGACGGATCAGCAGCC,0.0,0.0,1.0,0.0,8.53311e-06,0.052460693,0.9433379,0.0041928645
773,ATTAATGACTCCTACATAGC,1.0,0.0,0.0,0.0,0.99986386,0.00013609031,4.6515583e-11,1.3680031e-22
774,CCACCGCTTGATCTTCACCA,0.0,1.0,0.0,0.0,0.008608984,0.54032636,0.4510615,3.16777e-06
775,TAAGTTGTCGACAAAGGTGC,0.0,1.0,0.0,0.0,0.010885608,0.8924062,0.096708015,6.54492e-08
776,ACAATTAGATCTATGCAGCA,1.0,0.0,0.0,0.0,0.99998426,1.5772857e-05,2.1568067e-11,4.317847e-22
777,CCGTGTTGGGTGCGGTGGTG,0.0,0.0,0.0,1.0,7.686369e-36,5.861037e-21,7.521314e-10,1.0
778,AGCATTTTTATACTAAGCCA,1.0,0.0,0.0,0.0,0.9999975,2.470077e-06,8.876228e-13,5.6847614e-25
779,CCTGGCCTTACGAGTACCAT,0.0,0.0,1.0,0.0,1.4268631e-05,0.0645985,0.93497795,0.00040927203
780,AGTCCAGTCCCTTGGGGTAT,0.0,0.0,1.0,0.0,3.938498e-10,0.00071519316,0.9557866,0.043498248
781,GCGGCTTGACGTCGCCGGTC,0.0,0.0,0.0,1.0,9.881387e-29,2.2337705e-15,8.077482e-07,0.99999917
782,TTGATAGTTCACGATATATG,1.0,0.0,0.0,0.0,0.999666,0.00033408997,1.3580615e-08,6.66355e-18
783,ACGAAAGCAAGCGGCACTTT,0.0,1.0,0.0,0.0,0.025550414,0.95579267,0.018656634,2.8171783e-07
784,TTGCTAGATCTCCACATTCG,0.0,1.0,0.0,0.0,0.16118056,0.8247418,0.014077658,4.446619e-09
785,GCCATCACAGATGTTCCGGA,0.0,0.0,1.0,0.0,0.00036365248,0.43007728,0.56935513,0.00020395905
786,CCCGCGGTAACCTTGGGCGC,0.0,0.0,0.0,1.0,1.9685128e-23,1.8068783e-11,0.000356554,0.99964345
787,ATATGAAGCCTCTAAGCCCG,0.0,1.0,0.0,0.0,0.087906174,0.8972766,0.014817239,8.727891e-09
788,TACTCCTGGAAATAGAAACA,1.0,0.0,0.0,0.0,0.9999937,6.307671e-06,1.2942974e-12,3.051738e-25
789,ATACGAATTTAGCAGAAAGG,1.0,0.0,0.0,0.0,0.99998665,1.3396792e-05,1.9343727e-10,1.4217737e-20
790,AGCCATATGTCCCCAACTTC,1.0,0.0,0.0,0.0,0.77678263,0.22210489,0.0011125098,5.6571758e-11
791,TTGTGTGTTTAAGCATCAAG,1.0,0.0,0.0,0.0,0.92225945,0.07760089,0.0001395777,2.5353953e-11
792,AGCGATGGCGTTTTTCGCAG,0.0,0.0,0.0,1.0,1.8780147e-12,5.3404117e-05,0.5457368,0.4542098
793,GCTCCGGAGGGACGGCCCCA,0.0,0.0,0.0,1.0,1.9097633e-27,3.3522854e-14,2.521927e-06,0.9999975
794,AAAGCGGATGGCAGTGTCCG,0.0,0.0,0.0,1.0,3.9229667e-14,6.5238455e-06,0.17736594,0.82262754
795,TCCACTTAACGTTTCAATAT,1.0,0.0,0.0,0.0,0.9999416,5.839948e-05,1.0633711e-11,1.5303391e-24
796,TAGATTTTAGACAGTACGAC,1.0,0.0,0.0,0.0,0.9989496,0.0010504519,1.6060772e-08,2.1050675e-17
797,TGGACCATTGAAACATGAAA,1.0,0.0,0.0,0.0,0.9999987,1.2594849e-06,1.759174e-12,1.447648e-23
798,GACGAACAGGAAAAGGAATA,1.0,0.0,0.0,0.0,0.9996748,0.00032524075,1.4776591e-09,3.908955e-20
799,GCTATATCATCACTGGTAGG,0.0,1.0,0.0,0.0,0.07516023,0.79779184,0.1270472,6.2165805e-07
800,AGTAGGAAACGGCAGGAACT,0.0,1.0,0.0,0.0,0.0030768851,0.91982174,0.07709774,3.633426e-06
801,ATCCCACGGGTCAGCGTGAC,0.0,0.0,0.0,1.0,3.2241035e-12,9.482845e-05,0.40178448,0.5981207
802,TCCTATCAAAAGAGCCACGA,1.0,0.0,0.0,0.0,0.9974153,0.0025847233,2.7822821e-08,2.3059742e-18
803,TAACCCCATTTTTGATCCCC,1.0,0.0,0.0,0.0,0.3283404,0.6664895,0.00517011,9.752362e-12
804,CGCTCAAAGTTGCGTCTCGT,0.0,0.0,1.0,0.0,1.2634565e-08,0.0028080845,0.9842233,0.012968599
805,CGCGTCCTCCGCCACATAGG,0.0,0.0,0.0,1.0,2.013007e-13,2.749097e-05,0.22205521,0.77791727
806,TGGGCGCGAGCGCATCTTGA,0.0,0.0,0.0,1.0,2.1483675e-18,1.0032326e-08,0.002925089,0.99707496
807,CAAGCATTAACGTTGCGGAC,0.0,1.0,0.0,0.0,0.055513047,0.5506758,0.39380756,3.518758e-06
808,TCAGTTCGATGCCTGACTTG,0.0,0.0,1.0,0.0,4.5635417e-07,0.0160538,0.9809248,0.003020912
809,ACGCGCATTTACCGCGAGCG,0.0,0.0,0.0,1.0,3.1979017e-11,0.00010855507,0.25026718,0.74962425
810,ACTACTCTCTACAAAGCAAT,1.0,0.0,0.0,0.0,0.9999995,5.125292e-07,5.4254074e-15,6.45563e-28
811,TCCAGGCCTGAGTGGAAAAA,0.0,1.0,0.0,0.0,0.005969199,0.77395505,0.22007507,6.3213315e-07
812,GCCCAAGCTATGGCCTAGTG,0.0,0.0,1.0,0.0,1.195744e-09,0.0009926889,0.9462585,0.052748796
813,CGGTGGGGATAATAGCGTCC,0.0,0.0,0.0,1.0,2.616553e-13,5.8493056e-06,0.009591287,0.9904028
814,TAGTACTTAACGCTCAAATG,1.0,0.0,0.0,0.0,0.9999691,3.0833115e-05,1.279379e-09,6.733723e-20
815,AGCAGGGTGATGATAGTAAC,0.0,1.0,0.0,0.0,0.0076983934,0.79295796,0.19934143,2.2500403e-06
816,CCAGGGTCGTATCAACCTCT,0.0,0.0,1.0,0.0,2.8834545e-05,0.19767821,0.801584,0.0007089081
817,AGACTGCTGAAGTTATCTAT,1.0,0.0,0.0,0.0,0.99665076,0.0033472735,2.0490077e-06,2.6394592e-14
818,GTATGGCGACCCGAGGTTCG,0.0,0.0,0.0,1.0,1.2282852e-18,4.2291513e-09,0.000708395,0.99929154
819,ATCTCTATGAACTGAACAGT,1.0,0.0,0.0,0.0,0.99981517,0.00018480922,2.7624075e-10,4.269151e-21
820,AGGCAGTAACCGATCCGAGC,0.0,0.0,1.0,0.0,2.4797531e-05,0.02129988,0.9743959,0.004279466
821,CTATATGCTGGCGATCCCAC,0.0,0.0,1.0,0.0,1.0319423e-05,0.053389207,0.94562393,0.00097649987
822,GTTCCTGGTGTAACGAAATT,0.0,1.0,0.0,0.0,0.07632285,0.9183894,0.0052878116,4.9553868e-09
823,GGTCAATTGGTGATGAGAGA,0.0,0.0,1.0,0.0,0.00091462425,0.12371853,0.87518984,0.00017708544
824,TCGGGCCCCAGACTCGTTCC,0.0,0.0,0.0,1.0,6.2182235e-18,3.934564e-08,0.008907695,0.99109226
825,GTCACACGTGCTCGAAGATC,0.0,0.0,1.0,0.0,3.7611753e-05,0.06410473,0.9357723,8.536618e-05
826,ACCGTTAGAGCTGGGATATA,0.0,1.0,0.0,0.0,0.009480697,0.94229364,0.04822512,5.7661924e-07
827,AAGTTCAGAAAATTGAGATC,1.0,0.0,0.0,0.0,0.99999964,4.1016537e-07,1.2146486e-13,3.4552445e-25
828,GCGCTATAGGTACACCTGGC,0.0,0.0,1.0,0.0,5.0478945e-09,0.0048713367,0.7065324,0.28859624
829,TACGTCACCCATATTTGATC,1.0,0.0,0.0,0.0,0.9915119,0.008456452,3.162227e-05,2.110013e-15
830,TTCATGTATTGATAAATACC,1.0,0.0,0.0,0.0,0.9999987,1.3625371e-06,4.1465976e-14,8.471139e-28
831,CGCACAGCCCGTTTGCGCAC,0.0,0.0,0.0,1.0,6.1259612e-15,2.183189e-06,0.37195307,0.6280448
832,AGTCCCTCCATGTGGTGTGA,0.0,0.0,1.0,0.0,2.0812774e-09,0.0009493454,0.98286784,0.016182713
833,GTTAGGGGAGGTGTTTATTC,0.0,0.0,1.0,0.0,1.6201689e-10,0.0012202167,0.78040755,0.21837224
834,CCACTGTTGTAGTTTTTCCG,0.0,0.0,1.0,0.0,2.3016255e-05,0.017948823,0.9813674,0.00066073803
835,AGGGACTGAGCTAGAGAGCT,0.0,0.0,1.0,0.0,1.5684729e-07,0.052219376,0.8327648,0.115015626
836,CTAACCATGTGCGCGGAATT,0.0,1.0,0.0,0.0,0.00062850333,0.35706443,0.64215183,0.00015525638
837,AGATTATATGTTCACGAGAT,1.0,0.0,0.0,0.0,0.99897885,0.0010211559,4.673731e-09,3.0683445e-19
838,TCTATACGTTAAAGCGAACT,1.0,0.0,0.0,0.0,0.9996439,0.00035605073,3.4876337e-09,3.3446805e-19
839,GGAGCAATCATCACGGCTCA,0.0,1.0,0.0,0.0,0.0016560635,0.7137328,0.28460807,3.0651638e-06
840,CTAGTCGCAGGTAGCACGAT,0.0,0.0,1.0,0.0,1.2929802e-07,0.05108453,0.9452131,0.0037022876
841,GCGCAAAGGGCATAACCGGC,0.0,0.0,1.0,0.0,1.856955e-08,0.008226111,0.70708966,0.28468424
842,AGCCAATTCGCAAGGAGAAC,1.0,0.0,0.0,0.0,0.88153493,0.116737105,0.001727932,1.7257916e-10
843,GATGGGACTTCCGTGAACCC,0.0,0.0,1.0,0.0,2.0286653e-10,0.00034718012,0.93103194,0.06862094
844,TAACCAGTATTGCGGACGGT,0.0,0.0,1.0,0.0,2.0960715e-05,0.12898016,0.8705401,0.00045884497
845,CCCACTACGAACGTGGTGGA,0.0,0.0,1.0,0.0,1.324495e-07,0.004569456,0.9826377,0.012792718
846,TTGCGCTTAGGGCACCACAC,0.0,0.0,1.0,0.0,1.2123357e-08,0.0055340566,0.97041005,0.02405581
847,CCGGTTATCTCACTACTCCC,0.0,1.0,0.0,0.0,0.0010161361,0.6691282,0.32983163,2.401443e-05
848,TAAGCATGAAATGTTTTGGT,1.0,0.0,0.0,0.0,0.9706974,0.029291019,1.1620346e-05,8.63492e-14
849,TTCGATCCGCGTACAGCTCG,0.0,0.0,1.0,0.0,2.507725e-10,0.001829119,0.9842514,0.013919552
850,ACCACAGTTCAATAATTTGT,1.0,0.0,0.0,0.0,0.9999869,1.30840635e-05,5.308853e-13,7.3368763e-25
851,ACAGAAGGGCTGGTGATGGT,0.0,0.0,0.0,1.0,1.5167235e-13,6.93999e-06,0.034085568,0.96590745
852,ACCTGAATCGACTCCTCCGA,0.0,1.0,0.0,0.0,0.00417828,0.96346885,0.032352723,1.648203e-07
853,GATGACACGCGTGTGAGGCA,0.0,0.0,0.0,1.0,5.972447e-12,6.1755796e-05,0.61295265,0.3869855
854,AACACTGCACGGTCTGTTCT,0.0,1.0,0.0,0.0,1.7337721e-05,0.7502146,0.24969314,7.49776e-05
855,TATGGCCCATGTGCCCTTTC,0.0,0.0,1.0,0.0,4.302335e-09,0.005535135,0.9793076,0.015157241
856,GCTGTACGCGGCCAACGTCA,0.0,0.0,0.0,1.0,1.0812107e-10,0.00091979204,0.47103482,0.52804536
857,CTTAGACGGTGCACAAGCCG,0.0,0.0,1.0,0.0,1.0767111e-07,0.004360361,0.97749966,0.018139932
858,TGACATCCCTACGATAGCCT,0.0,1.0,0.0,0.0,0.06367822,0.8905524,0.045769338,2.1668267e-08
859,CTTATTCTGCAATAAGACCT,1.0,0.0,0.0,0.0,0.99898654,0.0010134132,7.100915e-10,4.8966375e-20
860,CATCTCCGCAGCTCACAACG,0.0,1.0,0.0,0.0,0.0028471404,0.6787893,0.31834325,2.0219026e-05
861,TGGTCTGCACTGCAAGCACA,0.0,0.0,1.0,0.0,3.9615592e-05,0.41765627,0.58227044,3.3722015e-05
862,GAGATACGGCCAGTGGGAGT,0.0,0.0,0.0,1.0,8.020353e-15,2.5166148e-07,0.006330336,0.99366945
863,ATTCTACCCTCATAATCTAA,1.0,0.0,0.0,0.0,1.0,2.7664543e-08,8.5723294e-17,6.590311e-31
864,TTCGAAAAGGTAGACCCGAG,0.0,1.0,0.0,0.0,0.024704281,0.88890094,0.08639466,1.3679008e-07
865,GTCAGCGAGCTCTGTACTCT,0.0,0.0,1.0,0.0,6.1695786e-09,0.028322076,0.95935446,0.012323348
866,AGATGATTGAGTTCAGGGTG,0.0,0.0,1.0,0.0,2.9323442e-06,0.017270839,0.98008746,0.0026387526
867,AGGTAGCCGCAGGTGCCCTC,0.0,0.0,0.0,1.0,8.3353685e-20,1.4903409e-10,0.00015609528,0.99984384
868,GAGCAAGTCATACAATATAA,1.0,0.0,0.0,0.0,1.0,4.125316e-08,1.3311263e-16,3.0499107e-30
869,AGTTGCGCGCGTATACGATA,0.0,0.0,1.0,0.0,4.8680107e-05,0.060340054,0.9395659,4.5350753e-05
870,CAGCCTATCATCACGGAAAG,1.0,0.0,0.0,0.0,0.90111524,0.09824267,0.0006421051,3.498695e-11
871,ACTATATTAACCGATCCTGC,1.0,0.0,0.0,0.0,0.9996891,0.00031088898,7.1801503e-09,5.1134506e-18
872,TCGTGGCGCGCTCTACATAT,0.0,0.0,1.0,0.0,2.250862e-08,0.0063635916,0.9760918,0.017544663
873,CCTGGGTCTCCTCGACTGAG,0.0,0.0,0.0,1.0,1.7902077e-15,2.3644544e-07,0.03869881,0.9613009
874,CGTGACGATATGTCGTGAGG,0.0,0.0,0.0,1.0,4.998273e-11,7.660165e-05,0.47895476,0.52096856
875,TATCGTTCCATATCCCTAAG,1.0,0.0,0.0,0.0,0.9943057,0.0056905295,3.7374266e-06,3.6881826e-15
876,TTGGGGAGGGAGTGGCCACA,0.0,0.0,0.0,1.0,4.1552227e-22,2.2204806e-11,3.8360544e-05,0.9999616
877,AGCTCACGGGACGATACCGA,0.0,0.0,1.0,0.0,3.67989e-06,0.051582906,0.944202,0.0042113285
878,AGACATCGCTGGACGACGGG,0.0,0.0,0.0,1.0,3.299638e-14,1.4115712e-06,0.014456715,0.9855419
879,TCCTCTAATACGGCGGCTTA,0.0,1.0,0.0,0.0,0.0015122956,0.53253806,0.46594334,6.2602435e-06
880,CGCCTTTGAATTACATGTAC,1.0,0.0,0.0,0.0,0.98466414,0.015322911,1.2923374e-05,1.0047814e-13
881,ATTTACACGCTCGACTGCGT,0.0,1.0,0.0,0.0,0.0013628651,0.56678545,0.43183705,1.4685845e-05
882,TGAAGATAGGGCCTCAGGTA,0.0,0.0,1.0,0.0,1.19547685e-05,0.020539485,0.97920024,0.00024829144
883,AAGGCGTCGAGACGGGCTTC,0.0,0.0,0.0,1.0,1.4082491e-18,5.7181895e-09,0.0007829727,0.99921703
884,AGGCTGGACCTGATTTACGT,0.0,0.0,1.0,0.0,7.4733805e-07,0.04055241,0.95525956,0.004187288
885,TATGTTCCCCTCGTGGTTGT,0.0,0.0,1.0,0.0,1.9707369e-10,0.0019876938,0.9427186,0.055293724
886,TTCGTATCACCTGAACGCCG,0.0,0.0,1.0,0.0,8.4433166e-05,0.058946382,0.9409613,7.862021e-06
887,GGACCTAGTCCAAGAGATTG,0.0,1.0,0.0,0.0,0.008604189,0.54636556,0.4450241,6.1489513e-06
888,GAGTGCTTAGGTGGATAACT,0.0,0.0,1.0,0.0,3.3934935e-05,0.5073724,0.4911581,0.0014356313
889,AGGAACTTGACTGCAAACGC,0.0,1.0,0.0,0.0,0.13375537,0.85213923,0.014105323,9.692337e-08
890,GAGCAGGGGCAGCAAGAGGC,0.0,0.0,0.0,1.0,9.701508e-19,2.400443e-09,0.00063132535,0.9993687
891,CCTAGCAGTTATCTGGAGGT,0.0,0.0,1.0,0.0,1.6788072e-06,0.0194751,0.9764747,0.0040485524
892,GTATACAATCATGATCAAAC,1.0,0.0,0.0,0.0,1.0,1.4585087e-08,1.7925867e-16,5.0287212e-30
893,TGGCAGAAATACTGTTATGA,1.0,0.0,0.0,0.0,0.9979468,0.0020530839,1.5518674e-07,2.3540843e-16
894,ACTATATGAGAATGGGGTCG,0.0,1.0,0.0,0.0,0.006386765,0.65952367,0.33401823,7.1396156e-05
895,GCAGACGCACGGCTTCGATG,0.0,0.0,0.0,1.0,8.738589e-15,7.8758825e-07,0.04741343,0.9525858
896,CTCCTCGCGTAAGTACTGCT,0.0,0.0,1.0,0.0,6.5333643e-06,0.06764126,0.92904127,0.0033109891
897,TGTATCAGGCCGCGCCAGCG,0.0,0.0,0.0,1.0,7.483867e-19,1.4583341e-09,0.0047313794,0.99526864
898,TGCCTTCTTTGTGGCCTCCA,0.0,0.0,1.0,0.0,1.2284342e-10,0.00093132013,0.9383884,0.060680337
899,CAGGACAGCGTTCAGAGTCC,0.0,0.0,1.0,0.0,4.4662272e-08,0.006633589,0.96666926,0.026697097
900,CGTCGATTGATACGGTTAGT,0.0,0.0,1.0,0.0,4.4822944e-05,0.07827056,0.9210335,0.00065115985
901,CTTTTAGATTCGTTCCACGG,0.0,1.0,0.0,0.0,0.0049957223,0.4792719,0.51572394,8.479296e-06
902,CAAGTCTTCTCTAGTAAGGC,0.0,1.0,0.0,0.0,0.066281736,0.9090456,0.024672713,1.1236758e-08
903,ACAGGGGGTCTGAACGCGGG,0.0,0.0,0.0,1.0,1.6945886e-24,1.6488397e-12,3.2714277e-05,0.99996734
904,AGCAAAGGCCGTTCACAATT,1.0,0.0,0.0,0.0,0.634411,0.36521167,0.00037733116,1.4840549e-11
905,GGCATGACCATTCGCCTCCC,0.0,0.0,1.0,0.0,8.423653e-11,0.00022835148,0.94521207,0.054559454
906,CCTAAGACGTGGCGGTGGAT,0.0,0.0,0.0,1.0,2.4706784e-15,1.1717054e-07,0.013291315,0.9867085
907,TATCGTTCTCCCGTAATAGT,1.0,0.0,0.0,0.0,0.74368906,0.25460225,0.00170867,1.8456942e-10
908,GAAGCGACTCGCGTAATAAG,0.0,1.0,0.0,0.0,0.03963685,0.46756274,0.49279478,5.6487256e-06
909,TCCCTCCGGCCGGGTATAGA,0.0,0.0,0.0,1.0,6.448431e-14,4.6107607e-06,0.17525753,0.82473785
910,GCGCTGTGGCGAGCACCTTC,0.0,0.0,0.0,1.0,2.4637344e-21,2.0269437e-11,2.5379559e-05,0.9999746
911,TAGGACACTCAAAATCTATG,1.0,0.0,0.0,0.0,0.9999901,9.853503e-06,1.7713412e-11,1.1013247e-22
912,AGATGCCATGGTGCGGACGG,0.0,0.0,0.0,1.0,5.061098e-20,9.401026e-10,0.00066336215,0.99933666
913,TGCATGCAAATGGCCTCGCC,0.0,0.0,1.0,0.0,1.1248718e-08,0.008544491,0.9828954,0.008560099
914,TAGGTGCATGGACAGCCGTA,0.0,0.0,1.0,0.0,1.2335472e-08,0.012251986,0.9433507,0.044397376
915,GTATTCTCGAAACCGGCATG,0.0,1.0,0.0,0.0,0.003276848,0.25261852,0.744067,3.762805e-05
916,CACATAATGGGTAGCAGGCG,0.0,0.0,1.0,0.0,1.2905847e-06,0.017458666,0.9805181,0.0020218992
917,CAAACCCCCCTTGTTAAGGG,0.0,1.0,0.0,0.0,0.0012435564,0.39651355,0.6022299,1.2984312e-05
918,CAATCTAAAGGGCCTCAAGA,1.0,0.0,0.0,0.0,0.9892447,0.01075326,1.9612985e-06,2.3662599e-14
919,AGGTCGTAAGGTGCACAATA,0.0,1.0,0.0,0.0,0.25063604,0.7445834,0.0047804886,1.8034466e-08
920,CTAGTGGTAGGTAATTTAGT,0.0,1.0,0.0,0.0,0.012680952,0.9753434,0.011975563,3.1003083e-08
921,CAGGACTTCTTCAGTAATAA,1.0,0.0,0.0,0.0,0.9997713,0.00022871682,8.5926105e-10,3.0756188e-20
922,TTCGCTCTCTTTCAGGACGC,0.0,0.0,1.0,0.0,2.9113278e-09,0.004669993,0.99510527,0.00022482192
923,TTTCTAAGACACTTCTGTCA,1.0,0.0,0.0,0.0,0.99983907,0.0001609537,9.8315e-09,4.965137e-19
924,GACTTAGCCGGCGTCTATAG,0.0,0.0,1.0,0.0,1.7709105e-08,0.0065408954,0.9794684,0.013990726
925,GTTGTGAAACTTACGCCAAA,1.0,0.0,0.0,0.0,0.99415237,0.0058473917,2.2364979e-07,1.5582082e-16
926,TGCAAAAGTGCTTGCGGTTT,0.0,0.0,1.0,0.0,7.211125e-06,0.061907116,0.9378601,0.00022558076
927,TGTTGGTTGCACAAACCACG,0.0,1.0,0.0,0.0,0.025842695,0.79422265,0.17993338,1.2820063e-06
928,ACGCATTCTATGCGAGATCA,1.0,0.0,0.0,0.0,0.7331725,0.26600212,0.0008254013,3.113316e-10
929,GTTGGTCAAAGTGCATCAAC,0.0,1.0,0.0,0.0,0.048796076,0.94162476,0.009579233,8.891856e-09
930,TCTCTGGTTCCATTACGGTA,0.0,1.0,0.0,0.0,0.008026325,0.5964693,0.39550224,2.1247765e-06
931,GCCGTTACTATTAAAAGGAG,1.0,0.0,0.0,0.0,0.97847146,0.021519598,8.982807e-06,5.4792956e-15
932,TGCCCAGAGGTTCAGGTAAT,0.0,0.0,1.0,0.0,2.2729234e-06,0.081307136,0.9186298,6.0760467e-05
933,CCAAGACTATCTCCGTGGCT,0.0,0.0,1.0,0.0,1.4435924e-05,0.051697068,0.9475409,0.0007475184
934,CCTGTGACTCACGTTAGGAC,0.0,0.0,1.0,0.0,1.3606865e-05,0.012935247,0.98516035,0.001890761
935,TCCTCGAAAACGCACGAAGG,0.0,1.0,0.0,0.0,0.026875125,0.83152246,0.14160235,9.822421e-08
936,CGCGGGACAAAGGACTTTAA,0.0,1.0,0.0,0.0,0.05203746,0.8829703,0.06499172,5.037229e-07
937,ATGACTTGTACTGCCAATAC,1.0,0.0,0.0,0.0,0.99038565,0.009613199,1.1275329e-06,3.136103e-14
938,GTATATCGCGCTTCCCGAGC,0.0,0.0,1.0,0.0,1.4653299e-09,0.0021872588,0.77629083,0.22152182
939,ATGACGCATATCAATCGGCT,1.0,0.0,0.0,0.0,0.7012994,0.29797757,0.0007230071,1.6528658e-10
940,GCCATGCTGGGCCCACCGAC,0.0,0.0,0.0,1.0,3.1174258e-19,2.3747118e-09,0.0014208535,0.99857914
941,CGCCTTTAAAAATTTTAGCC,1.0,0.0,0.0,0.0,0.9998306,0.00016940865,6.621442e-10,9.575867e-21
942,GTTCCTTAGTTTAGTAGCAC,0.0,1.0,0.0,0.0,0.29957727,0.6577861,0.04263661,6.131683e-09
943,AACGAGACTCTCGGCCCTTT,0.0,0.0,1.0,0.0,5.2600826e-06,0.116065346,0.88366854,0.00026081796
944,GACCCGGCATGCGCTTTCTG,0.0,0.0,0.0,1.0,3.429534e-17,6.20185e-08,0.013691885,0.98630804
945,ACGCGAAGGATACGCAGACG,0.0,0.0,1.0,0.0,3.728141e-06,0.011433202,0.9737309,0.014832239
946,CTGAGAGGTGTCAGCCCAAC,0.0,0.0,1.0,0.0,5.373275e-08,0.0042091287,0.87745273,0.11833802
947,CCCCGGCGAAATCACGTACC,0.0,0.0,1.0,0.0,2.958455e-07,0.019440278,0.97788155,0.0026779494
948,GACGGTCCCCTTAACGGCAA,0.0,0.0,1.0,0.0,5.2048613e-08,0.014180209,0.9857384,8.1275066e-05
949,TACACGGGGAACTGCGCCAA,0.0,0.0,1.0,0.0,2.189907e-08,0.004454367,0.99425066,0.0012950214
950,CTCAATGATTTAGACCGTCG,0.0,1.0,0.0,0.0,0.17174354,0.8224912,0.0057652006,3.674116e-09
951,GTTACACAGCGGGGTGCGTA,0.0,0.0,0.0,1.0,2.6032331e-14,2.183009e-06,0.036308587,0.9636892
952,ATACATGAACAACCATGTTA,1.0,0.0,0.0,0.0,1.0,9.086295e-09,5.742273e-17,1.7090185e-30
953,AGGTATTACTAGGCTAGTAT,1.0,0.0,0.0,0.0,0.9755052,0.02448658,8.2537645e-06,1.5219895e-12
954,GTAGTAACGCCGTCTTTGCC,0.0,0.0,1.0,0.0,1.5962232e-08,0.0048172045,0.9610257,0.03415702
955,CATTTTCAGAGTTGCCATGG,0.0,1.0,0.0,0.0,0.0017779346,0.7943776,0.20383246,1.1967462e-05
956,TAAAGGGCGATGCTCCTTGA,0.0,0.0,1.0,0.0,1.9169029e-06,0.019183416,0.9802403,0.0005743998
957,TCATTACCGAGAATGATCAA,1.0,0.0,0.0,0.0,0.99995065,4.930157e-05,2.8771815e-10,3.8637707e-21
958,CAGGTCGACCGAGCACACTT,0.0,0.0,1.0,0.0,2.4869553e-07,0.05091379,0.94396764,0.005118249
959,TTGTTTAATTCGAATGGGGT,0.0,1.0,0.0,0.0,0.059412707,0.9019776,0.038609546,1.8416814e-07
960,CCGTTATGGGGCCAGGCGTA,0.0,0.0,0.0,1.0,5.2806786e-19,1.3288504e-09,0.00043688525,0.99956316
961,GCGGTTTTGGTCCATTGAGC,0.0,0.0,0.0,1.0,1.2845634e-13,1.1439582e-05,0.099364564,0.900624
962,GCGTGGATTCTTCTTAGCAT,0.0,0.0,1.0,0.0,6.331687e-05,0.09618167,0.9030031,0.0007518831
963,GAATGTGCCTTTGGTGGTAA,0.0,0.0,1.0,0.0,1.4500885e-07,0.0057660304,0.9925344,0.0016994646
964,ATGTAACACCCCTTGGCATA,1.0,0.0,0.0,0.0,0.91824985,0.081732035,1.8216308e-05,7.1274085e-13
965,TTCAGCCCGTGTTGCGTGAA,0.0,0.0,1.0,0.0,2.1211094e-11,0.00036521914,0.9533655,0.04626917
966,GGATACCCGCGGCCACTTCT,0.0,0.0,0.0,1.0,1.0351101e-12,2.8453025e-05,0.10902964,0.89094186
967,CAGTCCCGGACAGCGTGGAT,0.0,0.0,0.0,1.0,1.3236518e-14,1.9308963e-07,0.010691754,0.98930806
968,TCGGGGGGTCGTCCCGGGAC,0.0,0.0,0.0,1.0,1.6479922e-37,8.523465e-21,2.7634415e-09,1.0
969,AAGCAAGCATAGTGCAGTCA,1.0,0.0,0.0,0.0,0.9245211,0.07544532,3.3585246e-05,2.269646e-12
970,CTTCACCAAGAGTCGGTACA,0.0,1.0,0.0,0.0,0.18848911,0.8054826,0.0060281535,7.6006685e-09
971,ACCTGGTTACACATCGTAAT,1.0,0.0,0.0,0.0,0.9822073,0.017790396,2.3256105e-06,8.087963e-15
972,AGCCATTGAACGCAGGCGTG,0.0,0.0,1.0,0.0,2.431171e-09,0.00094330654,0.89633226,0.102724485
973,CTAAGAAAGGTATGATGGGC,0.0,1.0,0.0,0.0,0.0686065,0.809259,0.12213334,1.2673198e-06
974,GGCCTAGGCTCGTCTCCCGT,0.0,0.0,0.0,1.0,7.170143e-22,1.1365263e-10,0.00025899202,0.999741
975,GTCAATTTACTTCCAGGGAC,0.0,1.0,0.0,0.0,0.30130377,0.68346226,0.015233955,5.4749965e-09
976,GTGATGACAATTGATTATAC,1.0,0.0,0.0,0.0,0.9999504,4.954004e-05,4.3800868e-10,3.3643003e-20
977,TTCTTGCCTACCCTATGCAT,0.0,1.0,0.0,0.0,0.26720622,0.6028211,0.12997268,1.2024802e-08
978,CGCTCTGCGGTCCGTTGAAT,0.0,0.0,0.0,1.0,2.0195652e-14,2.188053e-06,0.14150873,0.8584891
979,ACAAACATCGTTGCAGACGC,1.0,0.0,0.0,0.0,0.20409212,0.7907643,0.0051435623,1.7189342e-09
980,CTCAAACAGCTTGAGACCCT,1.0,0.0,0.0,0.0,0.17422858,0.8217915,0.0039799525,4.9430315e-10
981,GTGGCGTACTCTCACTACAC,0.0,0.0,1.0,0.0,9.465805e-06,0.13194017,0.86799407,5.634028e-05
982,TGGGGCACTGACTTCCGTAT,0.0,0.0,1.0,0.0,8.926637e-10,0.00086438964,0.9193123,0.07982336
983,CTATAGTCGGGGGATAAAGG,0.0,0.0,1.0,0.0,6.099018e-06,0.032165527,0.9592025,0.008625786
984,AGTACTATCGTCTTGGGGAG,0.0,0.0,1.0,0.0,2.5813077e-07,0.006348437,0.9899026,0.0037487173
985,GCCCGCATGCTAAAAAGTAA,1.0,0.0,0.0,0.0,0.9964144,0.0035850499,4.1959547e-07,5.1757598e-17
986,TTAACTTTAGAAACATCATA,1.0,0.0,0.0,0.0,1.0,4.963381e-11,1.3485154e-21,2.7915998e-38
987,GTTCAGATTCACCTTGCTTG,0.0,1.0,0.0,0.0,0.011654721,0.44907913,0.5392447,2.1430245e-05
988,CATCAATGTAGTGGAAATGA,1.0,0.0,0.0,0.0,0.9996406,0.00035941048,1.3667947e-08,9.405156e-18
989,CAACTTTGTTCCATCGGGCC,0.0,0.0,1.0,0.0,1.2074536e-06,0.0070271483,0.9905635,0.0024081024
990,CGACTGCCAGCTGTGTCCTA,0.0,0.0,1.0,0.0,2.5588837e-10,0.00019129603,0.8779094,0.121899284
991,CTGAAAGTTGTCCATGCGAT,0.0,1.0,0.0,0.0,0.010501835,0.93356,0.055934224,4.0084287e-06
992,CTGGCGCAGGGCTAGACACC,0.0,0.0,0.0,1.0,8.239579e-17,1.7462044e-07,0.007730206,0.99226964
993,TGTATACCTTGGTAAAATAT,1.0,0.0,0.0,0.0,0.99999046,9.555521e-06,1.384443e-12,6.2639614e-25
994,GACTCTACATCCAACTGAAC,1.0,0.0,0.0,0.0,0.9993954,0.0006045742,4.7790554e-08,1.3595008e-18
995,ACTCCCCTCTTCACACATTG,1.0,0.0,0.0,0.0,0.8760584,0.123613864,0.00032775986,3.3133865e-12
996,GCAGCCGGTATCACACGCAT,0.0,0.0,1.0,0.0,4.3688883e-07,0.013046525,0.9857196,0.0012334168
997,GCGAATAATGTATTGTTCGC,0.0,1.0,0.0,0.0,0.034433354,0.94956315,0.016003475,4.4998586e-08
998,AACTAAATTCTTTTCCGTAT,1.0,0.0,0.0,0.0,0.99999905,9.567378e-07,1.0117434e-13,8.2133054e-27
999,TATGTAGTCTGCCCGCGTTA,0.0,0.0,1.0,0.0,6.9807385e-07,0.018212909,0.98045266,0.0013336837
